plot,block,rate,PD,stage,diameter,height,who
101E,1,1.5,Early,,0.5,20.3,Laurel 
101E,1,1.5,Early,,0.6,22.9,Laurel 
101E,1,1.5,Early,57,1.1,31.8,Laurel 
101E,1,1.5,Early,49,1.7,40.6,Laurel 
101E,1,1.5,Early,47,1.2,45.7,Laurel 
101E,1,1.5,Early,57,1,48.3,Laurel 
101E,1,1.5,Early,57,1.3,48.3,Laurel 
101E,1,1.5,Early,59,1.2,50.8,Laurel 
101E,1,1.5,Early,55,1.4,50.8,Laurel 
101E,1,1.5,Early,49,2.1,50.8,Laurel 
101E,1,1.5,Early,55,1.7,53.3,Laurel 
101E,1,1.5,Early,55,2,53.3,Laurel 
101E,1,1.5,Early,59,1.4,61,Laurel 
101E,1,1.5,Early,57,2,61,Laurel 
101E,1,1.5,Early,59,2.8,61,Laurel 
101E,1,1.5,Early,57,2.2,63.5,Laurel 
101E,1,1.5,Early,57,2.4,63.5,Laurel 
101E,1,1.5,Early,59,1.9,66,Laurel 
101E,1,1.5,Early,57,1.9,66,Laurel 
101E,1,1.5,Early,59,2,66,Laurel 
101E,1,1.5,Early,59,2.2,66,Laurel 
101E,1,1.5,Early,55,2.5,68.6,Laurel 
101E,1,1.5,Early,57,2.5,71.1,Laurel 
101E,1,1.5,Early,59,2.6,71.1,Laurel 
101E,1,1.5,Early,57,3.5,71.1,Laurel 
101E,1,1.5,Early,59,2.3,73.7,Laurel 
101E,1,1.5,Early,59,2.3,73.7,Laurel 
101E,1,1.5,Early,57,2.5,73.7,Laurel 
101E,1,1.5,Early,57,2.7,73.7,Laurel 
101E,1,1.5,Early,57,3.1,73.7,Laurel 
101E,1,1.5,Early,57,3.2,73.7,Laurel 
101E,1,1.5,Early,59,2.6,76.2,Laurel 
101E,1,1.5,Early,57,2.8,76.2,Laurel 
101E,1,1.5,Early,59,2.1,78.7,Laurel 
101E,1,1.5,Early,59,2.5,78.7,Laurel 
101E,1,1.5,Early,59,2.7,78.7,Laurel 
101E,1,1.5,Early,55,3.5,78.7,Laurel 
101E,1,1.5,Early,57,3.7,78.7,Laurel 
101E,1,1.5,Early,53,2.8,80,Laurel 
101E,1,1.5,Early,59,3,80,Laurel 
101E,1,1.5,Early,55,3.1,80,Laurel 
101E,1,1.5,Early,55,2.2,81.3,Laurel 
101E,1,1.5,Early,57,3,81.3,Laurel 
101E,1,1.5,Early,59,3.7,81.3,Laurel 
101E,1,1.5,Early,59,4.2,81.3,Laurel 
101E,1,1.5,Early,57,4.3,81.3,Laurel 
101E,1,1.5,Early,57,2.7,83.8,Laurel 
101E,1,1.5,Early,59,2.7,83.8,Laurel 
101E,1,1.5,Early,59,3,83.8,Laurel 
101E,1,1.5,Early,53,3.3,83.8,Laurel 
101E,1,1.5,Early,57,3.3,83.8,Laurel 
101E,1,1.5,Early,57,3.4,83.8,Laurel 
101E,1,1.5,Early,59,2.4,86.4,Laurel 
101E,1,1.5,Early,59,3,86.4,Laurel 
101E,1,1.5,Early,59,3,86.4,Laurel 
101E,1,1.5,Early,57,3,86.4,Laurel 
101E,1,1.5,Early,57,3.1,86.4,Laurel 
101E,1,1.5,Early,57,3.3,86.4,Laurel 
101E,1,1.5,Early,59,4.9,86.4,Laurel 
101E,1,1.5,Early,57,2.3,88.9,Laurel 
101E,1,1.5,Early,57,3,88.9,Laurel 
101E,1,1.5,Early,57,3.1,88.9,Laurel 
101E,1,1.5,Early,53,3.2,88.9,Laurel 
101E,1,1.5,Early,59,4.4,90.2,Laurel 
101E,1,1.5,Early,57,2.5,91.4,Laurel 
101E,1,1.5,Early,57,2.8,91.4,Laurel 
101E,1,1.5,Early,57,3.1,91.4,Laurel 
101E,1,1.5,Early,59,3.5,91.4,Laurel 
101E,1,1.5,Early,59,3.6,91.4,Laurel 
101E,1,1.5,Early,59,3.8,91.4,Laurel 
101E,1,1.5,Early,59,2.8,94,Laurel 
101E,1,1.5,Early,57,3.6,94,Laurel 
101E,1,1.5,Early,57,4,94,Laurel 
101E,1,1.5,Early,59,3.8,96.5,Laurel 
101E,1,1.5,Early,59,4.5,96.5,Laurel 
101E,1,1.5,Early,59,4,97.8,Laurel 
101E,1,1.5,Early,59,3.3,99.1,Laurel 
101E,1,1.5,Early,57,3.4,99.1,Laurel 
101E,1,1.5,Early,59,3.6,99.1,Laurel 
101E,1,1.5,Early,59,2.9,101.6,Laurel 
101E,1,1.5,Early,59,4.6,104.1,Laurel 
101E,1,1.5,Early,60,4.3,106.7,Laurel 
101L,1,1.5,Late,25,na,15.2,Laurel 
101L,1,1.5,Late,61,1.67,66,Laurel 
101L,1,1.5,Late,69,1.81,71.1,Laurel 
101L,1,1.5,Late,61,0.94,76.2,Laurel 
101L,1,1.5,Late,61,1.51,83.8,Laurel 
101L,1,1.5,Late,69,1.09,88.9,Laurel 
101L,1,1.5,Late,69,1.23,88.9,Laurel 
101L,1,1.5,Late,69,1.57,88.9,Laurel 
101L,1,1.5,Late,69,1.62,91.4,Laurel 
101L,1,1.5,Late,69,1.44,94,Laurel 
101L,1,1.5,Late,63,1.57,96.5,Laurel 
101L,1,1.5,Late,69,1.88,101.6,Laurel 
101L,1,1.5,Late,67,1.38,104.1,Laurel 
101L,1,1.5,Late,69,1.38,106.7,Laurel 
101L,1,1.5,Late,67,2.76,106.7,Laurel 
101L,1,1.5,Late,69,2.05,109.2,Laurel 
101L,1,1.5,Late,69,1.68,111.8,Laurel 
101L,1,1.5,Late,69,1.72,111.8,Laurel 
101L,1,1.5,Late,67,1.83,111.8,Laurel 
101L,1,1.5,Late,67,2.06,111.8,Laurel 
101L,1,1.5,Late,69,1.63,114.3,Laurel 
101L,1,1.5,Late,69,1.72,114.3,Laurel 
101L,1,1.5,Late,67,1.88,114.3,Laurel 
101L,1,1.5,Late,69,1.94,114.3,Laurel 
101L,1,1.5,Late,67,2.21,114.3,Laurel 
101L,1,1.5,Late,69,2.35,116.8,Laurel 
101L,1,1.5,Late,67,2.01,119.4,Laurel 
101L,1,1.5,Late,61,2.56,119.4,Laurel 
101L,1,1.5,Late,63,2,121.9,Laurel 
101L,1,1.5,Late,67,2.14,121.9,Laurel 
101L,1,1.5,Late,69,2.28,121.9,Laurel 
101L,1,1.5,Late,69,2.46,121.9,Laurel 
101L,1,1.5,Late,67,2.5,121.9,Laurel 
101L,1,1.5,Late,67,2.77,121.9,Laurel 
101L,1,1.5,Late,67,2.09,124.5,Laurel 
101L,1,1.5,Late,67,2.12,124.5,Laurel 
101L,1,1.5,Late,69,2.84,124.5,Laurel 
101L,1,1.5,Late,30,1.02,127,Laurel 
101L,1,1.5,Late,67,2.43,127,Laurel 
101L,1,1.5,Late,69,2.86,127,Laurel 
101L,1,1.5,Late,67,2.4,129.5,Laurel 
101L,1,1.5,Late,69,2.46,129.5,Laurel 
101L,1,1.5,Late,67,3,129.5,Laurel 
101L,1,1.5,Late,67,2.31,132.1,Laurel 
101L,1,1.5,Late,69,2.41,132.1,Laurel 
101L,1,1.5,Late,69,3.15,132.1,Laurel 
101L,1,1.5,Late,69,2.42,134.6,Laurel 
101L,1,1.5,Late,69,2.78,134.6,Laurel 
101L,1,1.5,Late,67,3.59,134.6,Laurel 
101L,1,1.5,Late,69,2.24,137.2,Laurel 
101L,1,1.5,Late,67,2.83,137.2,Laurel 
101L,1,1.5,Late,67,2.7,139.7,Laurel 
101L,1,1.5,Late,69,3.14,139.7,Laurel 
101L,1,1.5,Late,69,3.26,142.2,Laurel 
101L,1,1.5,Late,69,3.44,142.2,Laurel 
101L,1,1.5,Late,67,4.17,142.2,Laurel 
101L,1,1.5,Late,69,3.09,144.8,Laurel 
101L,1,1.5,Late,69,3.38,147.3,Laurel 
101L,1,1.5,Late,69,3.6,149.9,Laurel 
101L,1,1.5,Late,69,3.11,152.4,Laurel 
101L,1,1.5,Late,69,3.56,152.4,Laurel 
101L,1,1.5,Late,69,3.75,154.9,Laurel 
101L,1,1.5,Late,67,3.25,165.1,Laurel 
102E,1,0,Early,43,1,20.3,Laurel 
102E,1,0,Early,57,1.1,21.6,Laurel 
102E,1,0,Early,49,1.2,22.9,Laurel 
102E,1,0,Early,41,1.3,22.9,Laurel 
102E,1,0,Early,53,0.7,25.4,Laurel 
102E,1,0,Early,55,0.9,25.4,Laurel 
102E,1,0,Early,49,0.9,25.4,Laurel 
102E,1,0,Early,43,1.2,25.4,Laurel 
102E,1,0,Early,53,1.2,25.4,Laurel 
102E,1,0,Early,49,0.8,30.5,Laurel 
102E,1,0,Early,49,1.1,30.5,Laurel 
102E,1,0,Early,49,1.1,30.5,Laurel 
102E,1,0,Early,49,0.9,33,Laurel 
102E,1,0,Early,49,1.7,33,Laurel 
102E,1,0,Early,47,1.7,33,Laurel 
102E,1,0,Early,49,1.7,33,Laurel 
102E,1,0,Early,43,1.2,35.6,Laurel 
102E,1,0,Early,51,1.2,35.6,Laurel 
102E,1,0,Early,49,1.4,35.6,Laurel 
102E,1,0,Early,43,2,35.6,Laurel 
102E,1,0,Early,55,1.4,38.1,Laurel 
102E,1,0,Early,45,1.6,38.1,Laurel 
102E,1,0,Early,55,1.4,39.4,Laurel 
102E,1,0,Early,45,1.5,39.4,Laurel 
102E,1,0,Early,49,2.1,39.4,Laurel 
102E,1,0,Early,55,1.2,40.6,Laurel 
102E,1,0,Early,53,1.4,40.6,Laurel 
102E,1,0,Early,49,1.4,40.6,Laurel 
102E,1,0,Early,53,1.5,40.6,Laurel 
102E,1,0,Early,49,1.6,40.6,Laurel 
102E,1,0,Early,53,1.7,40.6,Laurel 
102E,1,0,Early,49,1.8,40.6,Laurel 
102E,1,0,Early,51,1.9,41.9,Laurel 
102E,1,0,Early,49,1.1,43.2,Laurel 
102E,1,0,Early,57,1.2,43.2,Laurel 
102E,1,0,Early,49,1.4,43.2,Laurel 
102E,1,0,Early,57,1.6,43.2,Laurel 
102E,1,0,Early,55,1.4,44.5,Laurel 
102E,1,0,Early,55,1.8,44.5,Laurel 
102E,1,0,Early,49,2,44.5,Laurel 
102E,1,0,Early,57,1,45.7,Laurel 
102E,1,0,Early,53,1,45.7,Laurel 
102E,1,0,Early,47,1.1,45.7,Laurel 
102E,1,0,Early,49,1.8,45.7,Laurel 
102E,1,0,Early,59,1.9,45.7,Laurel 
102E,1,0,Early,49,1.8,47,Laurel 
102E,1,0,Early,55,1.1,48.3,Laurel 
102E,1,0,Early,53,1.6,48.3,Laurel 
102E,1,0,Early,49,1.6,48.3,Laurel 
102E,1,0,Early,49,1.7,48.3,Laurel 
102E,1,0,Early,53,1.8,48.3,Laurel 
102E,1,0,Early,51,1.9,48.3,Laurel 
102E,1,0,Early,53,2.2,48.3,Laurel 
102E,1,0,Early,49,1.6,49.5,Laurel 
102E,1,0,Early,49,1.8,49.5,Laurel 
102E,1,0,Early,49,1.5,50.8,Laurel 
102E,1,0,Early,55,1.7,50.8,Laurel 
102E,1,0,Early,57,2.3,50.8,Laurel 
102E,1,0,Early,49,2.3,50.8,Laurel 
102E,1,0,Early,55,1.6,52.1,Laurel 
102E,1,0,Early,53,2.3,52.1,Laurel 
102E,1,0,Early,51,1.5,53.3,Laurel 
102E,1,0,Early,55,1.6,53.3,Laurel 
102E,1,0,Early,45,2,53.3,Laurel 
102E,1,0,Early,59,2.1,53.3,Laurel 
102E,1,0,Early,55,2.2,53.3,Laurel 
102E,1,0,Early,55,2.3,53.3,Laurel 
102E,1,0,Early,53,2.4,53.3,Laurel 
102E,1,0,Early,51,2.6,53.3,Laurel 
102E,1,0,Early,57,1.4,55.9,Laurel 
102E,1,0,Early,55,1.7,55.9,Laurel 
102E,1,0,Early,49,1.9,55.9,Laurel 
102E,1,0,Early,53,1.9,55.9,Laurel 
102E,1,0,Early,53,2.3,55.9,Laurel 
102E,1,0,Early,55,1.7,57.2,Laurel 
102E,1,0,Early,53,2.2,57.2,Laurel 
102E,1,0,Early,49,2.4,57.2,Laurel 
102E,1,0,Early,59,1.4,58.4,Laurel 
102E,1,0,Early,55,1.7,58.4,Laurel 
102E,1,0,Early,53,1.9,58.4,Laurel 
102E,1,0,Early,49,2,58.4,Laurel 
102E,1,0,Early,59,2.2,58.4,Laurel 
102E,1,0,Early,55,2.2,58.4,Laurel 
102E,1,0,Early,51,2.4,58.4,Laurel 
102E,1,0,Early,59,2.5,59.2,Laurel 
102E,1,0,Early,57,2.3,59.7,Laurel 
102E,1,0,Early,55,2,61,Laurel 
102E,1,0,Early,53,2.5,61,Laurel 
102E,1,0,Early,49,2.7,61,Laurel 
102E,1,0,Early,55,1.8,62.2,Laurel 
102E,1,0,Early,53,1.9,63.5,Laurel 
102E,1,0,Early,59,1.9,63.5,Laurel 
102E,1,0,Early,55,2.3,63.5,Laurel 
102E,1,0,Early,59,2.7,63.5,Laurel 
102E,1,0,Early,55,2.7,63.5,Laurel 
102E,1,0,Early,59,1.9,68.6,Laurel 
102E,1,0,Early,55,2,68.6,Laurel 
102E,1,0,Early,57,3.1,68.6,Laurel 
102E,1,0,Early,55,2.4,69.9,Laurel 
102E,1,0,Early,57,2.8,71.1,Laurel 
102L,1,0,Late,25,na,17.8,Laurel 
102L,1,0,Late,59,1.63,45.7,Laurel 
102L,1,0,Late,45,2.2,53.3,Laurel 
102L,1,0,Late,61,0.69,66,Laurel 
102L,1,0,Late,59,2.16,66,Laurel 
102L,1,0,Late,63,1.33,68.6,Laurel 
102L,1,0,Late,61,1.82,76.2,Laurel 
102L,1,0,Late,64,0.97,78.7,Laurel 
102L,1,0,Late,64,1.31,83.8,Laurel 
102L,1,0,Late,63,2.2,88.9,Laurel 
102L,1,0,Late,61,1.46,91.4,Laurel 
102L,1,0,Late,67,1.79,91.4,Laurel 
102L,1,0,Late,63,1.98,91.4,Laurel 
102L,1,0,Late,67,1.14,96.5,Laurel 
102L,1,0,Late,69,1.63,96.5,Laurel 
102L,1,0,Late,67,1.68,96.5,Laurel 
102L,1,0,Late,65,2.07,96.5,Laurel 
102L,1,0,Late,69,1.3,101.6,Laurel 
102L,1,0,Late,67,1.54,101.6,Laurel 
102L,1,0,Late,69,1.69,101.6,Laurel 
102L,1,0,Late,65,2.23,104.1,Laurel 
102L,1,0,Late,67,2.27,104.1,Laurel 
102L,1,0,Late,67,1.47,106.7,Laurel 
102L,1,0,Late,69,1.55,106.7,Laurel 
102L,1,0,Late,69,1.86,106.7,Laurel 
102L,1,0,Late,61,2.45,106.7,Laurel 
102L,1,0,Late,67,1.6,109.2,Laurel 
102L,1,0,Late,67,1.85,109.2,Laurel 
102L,1,0,Late,69,2.01,109.2,Laurel 
102L,1,0,Late,69,2.53,109.2,Laurel 
102L,1,0,Late,69,1.69,111.8,Laurel 
102L,1,0,Late,67,1.86,111.8,Laurel 
102L,1,0,Late,69,1.91,111.8,Laurel 
102L,1,0,Late,67,2.1,111.8,Laurel 
102L,1,0,Late,69,2.12,111.8,Laurel 
102L,1,0,Late,67,2.22,111.8,Laurel 
102L,1,0,Late,67,2.1,114.3,Laurel 
102L,1,0,Late,69,2.06,116.8,Laurel 
102L,1,0,Late,67,2.79,116.8,Laurel 
102L,1,0,Late,69,2.88,116.8,Laurel 
102L,1,0,Late,69,3.01,116.8,Laurel 
102L,1,0,Late,69,1.97,119.4,Laurel 
102L,1,0,Late,69,2.03,119.4,Laurel 
102L,1,0,Late,67,2.23,119.4,Laurel 
102L,1,0,Late,67,2.24,119.4,Laurel 
102L,1,0,Late,69,2.79,119.4,Laurel 
102L,1,0,Late,69,2.84,119.4,Laurel 
102L,1,0,Late,69,2.59,121.9,Laurel 
102L,1,0,Late,69,2.72,121.9,Laurel 
102L,1,0,Late,67,2.3,124.5,Laurel 
102L,1,0,Late,67,3.29,124.5,Laurel 
102L,1,0,Late,67,2.39,127,Laurel 
102L,1,0,Late,69,2.4,127,Laurel 
102L,1,0,Late,69,2.46,127,Laurel 
102L,1,0,Late,69,2.52,127,Laurel 
102L,1,0,Late,69,2.85,127,Laurel 
102L,1,0,Late,69,2.65,129.5,Laurel 
102L,1,0,Late,63,2.73,129.5,Laurel 
102L,1,0,Late,69,3.1,129.5,Laurel 
102L,1,0,Late,69,3.14,129.5,Laurel 
102L,1,0,Late,67,1.98,132.1,Laurel 
102L,1,0,Late,67,2.34,132.1,Laurel 
102L,1,0,Late,67,2.36,132.1,Laurel 
102L,1,0,Late,67,2.89,132.1,Laurel 
102L,1,0,Late,69,3.61,132.1,Laurel 
102L,1,0,Late,69,2.39,134.6,Laurel 
102L,1,0,Late,69,2.67,134.6,Laurel 
102L,1,0,Late,69,3.1,134.6,Laurel 
102L,1,0,Late,67,2.64,137.2,Laurel 
102L,1,0,Late,69,2.91,137.2,Laurel 
102L,1,0,Late,67,3.36,137.2,Laurel 
102L,1,0,Late,67,3.58,137.2,Laurel 
102L,1,0,Late,69,2.67,139.7,Laurel 
102L,1,0,Late,69,3.13,139.7,Laurel 
102L,1,0,Late,67,3.13,139.7,Laurel 
102L,1,0,Late,65,3.48,139.7,Laurel 
102L,1,0,Late,69,2.3,142.2,Laurel 
102L,1,0,Late,67,3.21,142.2,Laurel 
102L,1,0,Late,69,3.68,142.2,Laurel 
102L,1,0,Late,67,3.46,144.8,Laurel 
102L,1,0,Late,69,3.73,147.3,Laurel 
103E,1,3,Early,,0.7,27.9,Laurel 
103E,1,3,Early,49,0.7,33,Laurel 
103E,1,3,Early,59,0.6,34.3,Laurel 
103E,1,3,Early,49,0.6,35.6,Laurel 
103E,1,3,Early,49,0.9,35.6,Laurel 
103E,1,3,Early,49,0.5,38.1,Laurel 
103E,1,3,Early,51,1,38.1,Laurel 
103E,1,3,Early,51,1.1,43.2,Laurel 
103E,1,3,Early,53,1.2,45.7,Laurel 
103E,1,3,Early,51,1.3,45.7,Laurel 
103E,1,3,Early,49,2.1,52.1,Laurel 
103E,1,3,Early,53,1.7,53.3,Laurel 
103E,1,3,Early,49,1.8,55.9,Laurel 
103E,1,3,Early,51,1.9,58.4,Laurel 
103E,1,3,Early,51,2.6,58.4,Laurel 
103E,1,3,Early,39,3,58.4,Laurel 
103E,1,3,Early,49,2.5,61,Laurel 
103E,1,3,Early,49,2.3,63.5,Laurel 
103E,1,3,Early,55,2.4,63.5,Laurel 
103E,1,3,Early,49,3.1,66,Laurel 
103E,1,3,Early,55,2.2,68.6,Laurel 
103E,1,3,Early,59,1.9,69.9,Laurel 
103E,1,3,Early,59,2.2,69.9,Laurel 
103E,1,3,Early,55,2.6,71.1,Laurel 
103E,1,3,Early,55,2.3,73.7,Laurel 
103E,1,3,Early,55,2.7,73.7,Laurel 
103E,1,3,Early,47,2.8,73.7,Laurel 
103E,1,3,Early,49,3.1,73.7,Laurel 
103E,1,3,Early,57,3.9,73.7,Laurel 
103E,1,3,Early,57,2.1,74.9,Laurel 
103E,1,3,Early,55,3.7,77.5,Laurel 
103E,1,3,Early,59,2.5,78.7,Laurel 
103E,1,3,Early,57,2.6,78.7,Laurel 
103E,1,3,Early,55,2.7,78.7,Laurel 
103E,1,3,Early,57,3.2,78.7,Laurel 
103E,1,3,Early,53,2.8,80,Laurel 
103E,1,3,Early,55,4.6,80,Laurel 
103E,1,3,Early,55,2.3,81.3,Laurel 
103E,1,3,Early,59,2.8,81.3,Laurel 
103E,1,3,Early,53,3.4,81.3,Laurel 
103E,1,3,Early,57,3.6,81.3,Laurel 
103E,1,3,Early,57,3,83.8,Laurel 
103E,1,3,Early,55,3.1,83.8,Laurel 
103E,1,3,Early,57,3.2,83.8,Laurel 
103E,1,3,Early,55,3.1,85.1,Laurel 
103E,1,3,Early,57,2.9,86.4,Laurel 
103E,1,3,Early,57,3.3,86.4,Laurel 
103E,1,3,Early,55,3.5,86.4,Laurel 
103E,1,3,Early,55,3.8,86.4,Laurel 
103E,1,3,Early,55,4.3,86.4,Laurel 
103E,1,3,Early,55,2.9,87.6,Laurel 
103E,1,3,Early,57,2.8,88.9,Laurel 
103E,1,3,Early,43,3.1,88.9,Laurel 
103E,1,3,Early,59,3.3,88.9,Laurel 
103E,1,3,Early,59,3.5,88.9,Laurel 
103E,1,3,Early,59,3.5,88.9,Laurel 
103E,1,3,Early,59,3.1,90.2,Laurel 
103E,1,3,Early,55,2.7,91.4,Laurel 
103E,1,3,Early,57,3.2,91.4,Laurel 
103E,1,3,Early,59,3.2,91.4,Laurel 
103E,1,3,Early,53,3.5,91.4,Laurel 
103E,1,3,Early,45,4.2,91.4,Laurel 
103E,1,3,Early,57,4,92.7,Laurel 
103E,1,3,Early,55,2.8,94,Laurel 
103E,1,3,Early,57,3,94,Laurel 
103E,1,3,Early,57,3.2,94,Laurel 
103E,1,3,Early,59,4,94,Laurel 
103E,1,3,Early,57,4.2,95.3,Laurel 
103E,1,3,Early,51,0.8,96.5,Laurel 
103E,1,3,Early,55,2.6,96.5,Laurel 
103E,1,3,Early,57,3.5,96.5,Laurel 
103E,1,3,Early,57,3.7,97.8,Laurel 
103E,1,3,Early,55,3.7,99.1,Laurel 
103E,1,3,Early,59,2.9,101.6,Laurel 
103E,1,3,Early,59,3.8,102.9,Laurel 
103L,1,3,Late,49,0.2,25.4,Laurel 
103L,1,3,Late,59,0.43,53.3,Laurel 
103L,1,3,Late,69,0.62,63.5,Laurel 
103L,1,3,Late,69,0.43,73.7,Laurel 
103L,1,3,Late,69,0.72,86.4,Laurel 
103L,1,3,Late,61,0.95,86.4,Laurel 
103L,1,3,Late,65,1.09,86.4,Laurel 
103L,1,3,Late,61,1.02,88.9,Laurel 
103L,1,3,Late,69,1.83,99.1,Laurel 
103L,1,3,Late,69,0.81,106.7,Laurel 
103L,1,3,Late,69,1.59,106.7,Laurel 
103L,1,3,Late,69,1.37,109.2,Laurel 
103L,1,3,Late,69,1.55,109.2,Laurel 
103L,1,3,Late,65,2.1,111.8,Laurel 
103L,1,3,Late,69,1.62,114.3,Laurel 
103L,1,3,Late,69,1.07,116.8,Laurel 
103L,1,3,Late,69,1.75,116.8,Laurel 
103L,1,3,Late,69,1.13,119.4,Laurel 
103L,1,3,Late,69,1.68,119.4,Laurel 
103L,1,3,Late,69,1.69,119.4,Laurel 
103L,1,3,Late,69,1.84,119.4,Laurel 
103L,1,3,Late,69,1.4,121.9,Laurel 
103L,1,3,Late,69,1.19,124.5,Laurel 
103L,1,3,Late,69,1.52,124.5,Laurel 
103L,1,3,Late,69,1.72,124.5,Laurel 
103L,1,3,Late,69,1.73,124.5,Laurel 
103L,1,3,Late,61,2.14,124.5,Laurel 
103L,1,3,Late,65,1.16,127,Laurel 
103L,1,3,Late,67,1.69,127,Laurel 
103L,1,3,Late,69,1.46,129.5,Laurel 
103L,1,3,Late,67,1.93,129.5,Laurel 
103L,1,3,Late,69,1.96,129.5,Laurel 
103L,1,3,Late,69,2,129.5,Laurel 
103L,1,3,Late,69,2.21,129.5,Laurel 
103L,1,3,Late,69,2.29,129.5,Laurel 
103L,1,3,Late,69,2.39,129.5,Laurel 
103L,1,3,Late,69,2.81,129.5,Laurel 
103L,1,3,Late,67,1.95,132.1,Laurel 
103L,1,3,Late,69,2.01,132.1,Laurel 
103L,1,3,Late,67,2.18,132.1,Laurel 
103L,1,3,Late,67,2.24,132.1,Laurel 
103L,1,3,Late,69,2.35,132.1,Laurel 
103L,1,3,Late,69,2.6,132.1,Laurel 
103L,1,3,Late,69,1.89,134.6,Laurel 
103L,1,3,Late,69,2.35,134.6,Laurel 
103L,1,3,Late,69,2.49,134.6,Laurel 
103L,1,3,Late,69,2.8,134.6,Laurel 
103L,1,3,Late,69,2.87,134.6,Laurel 
103L,1,3,Late,69,1.89,137.2,Laurel 
103L,1,3,Late,69,2.22,137.2,Laurel 
103L,1,3,Late,69,2.33,137.2,Laurel 
103L,1,3,Late,69,1.57,139.7,Laurel 
103L,1,3,Late,69,2.21,139.7,Laurel 
103L,1,3,Late,69,2.29,139.7,Laurel 
103L,1,3,Late,69,2.36,139.7,Laurel 
103L,1,3,Late,69,2.39,139.7,Laurel 
103L,1,3,Late,69,2.53,139.7,Laurel 
103L,1,3,Late,69,2.67,139.7,Laurel 
103L,1,3,Late,69,2.23,142.2,Laurel 
103L,1,3,Late,69,2.31,142.2,Laurel 
103L,1,3,Late,69,2.41,142.2,Laurel 
103L,1,3,Late,69,2.51,142.2,Laurel 
103L,1,3,Late,69,2.33,144.8,Laurel 
103L,1,3,Late,69,2.34,144.8,Laurel 
103L,1,3,Late,69,2.64,144.8,Laurel 
103L,1,3,Late,67,3.21,144.8,Laurel 
103L,1,3,Late,69,2.18,147.3,Laurel 
103L,1,3,Late,67,2.19,147.3,Laurel 
103L,1,3,Late,69,2.41,147.3,Laurel 
103L,1,3,Late,69,2.52,147.3,Laurel 
103L,1,3,Late,69,2.55,147.3,Laurel 
103L,1,3,Late,69,2.65,147.3,Laurel 
103L,1,3,Late,67,2.79,147.3,Laurel 
103L,1,3,Late,69,2.79,147.3,Laurel 
103L,1,3,Late,69,3.04,147.3,Laurel 
103L,1,3,Late,69,2.17,149.9,Laurel 
103L,1,3,Late,67,2.54,149.9,Laurel 
103L,1,3,Late,69,2.54,149.9,Laurel 
103L,1,3,Late,69,2.89,149.9,Laurel 
103L,1,3,Late,69,3.11,149.9,Laurel 
103L,1,3,Late,67,3.33,149.9,Laurel 
103L,1,3,Late,67,2.54,152.4,Laurel 
103L,1,3,Late,69,2.9,152.4,Laurel 
103L,1,3,Late,69,2.93,152.4,Laurel 
103L,1,3,Late,69,2.89,154.9,Laurel 
103L,1,3,Late,69,3.15,154.9,Laurel 
103L,1,3,Late,69,3.22,154.9,Laurel 
103L,1,3,Late,69,2.82,157.5,Laurel 
103L,1,3,Late,69,3.21,157.5,Laurel 
103L,1,3,Late,69,3.06,160,Laurel 
103L,1,3,Late,69,3.24,160,Laurel 
103L,1,3,Late,69,3.3,160,Laurel 
103L,1,3,Late,69,3.13,162.6,Laurel 
103L,1,3,Late,69,3.24,162.6,Laurel 
103L,1,3,Late,69,3.07,165.1,Laurel 
103L,1,3,Late,69,3.6,172.7,Laurel 
103L,1,3,Late,69,4.28,172.7,Laurel 
201E,2,0,Early,39,na,12.7,Laurel 
201E,2,0,Early,39,na,12.7,Laurel 
201E,2,0,Early,41,na,15.2,Laurel 
201E,2,0,Early,43,na,15.2,Laurel 
201E,2,0,Early,na,0.3,16.5,Laurel 
201E,2,0,Early,53,1.8,17.8,Laurel 
201E,2,0,Early,na,na,17.8,Laurel 
201E,2,0,Early,45,na,17.8,Laurel 
201E,2,0,Early,43,1.1,20.3,Laurel 
201E,2,0,Early,47,1.2,20.3,Laurel 
201E,2,0,Early,na,na,20.3,Laurel 
201E,2,0,Early,43,1.2,22.9,Laurel 
201E,2,0,Early,41,1.3,22.9,Laurel 
201E,2,0,Early,53,1.3,22.9,Laurel 
201E,2,0,Early,45,1.7,22.9,Laurel 
201E,2,0,Early,45,1.4,24.1,Laurel 
201E,2,0,Early,43,1.7,24.1,Laurel 
201E,2,0,Early,45,1.3,25.4,Laurel 
201E,2,0,Early,43,1.4,25.4,Laurel 
201E,2,0,Early,49,1.7,25.4,Laurel 
201E,2,0,Early,45,2.1,25.4,Laurel 
201E,2,0,Early,41,3,25.4,Laurel 
201E,2,0,Early,47,1.4,27.9,Laurel 
201E,2,0,Early,49,1.5,27.9,Laurel 
201E,2,0,Early,43,1.7,27.9,Laurel 
201E,2,0,Early,49,1.7,27.9,Laurel 
201E,2,0,Early,39,2.1,27.9,Laurel 
201E,2,0,Early,59,1.5,30.5,Laurel 
201E,2,0,Early,43,1.7,30.5,Laurel 
201E,2,0,Early,47,1.8,30.5,Laurel 
201E,2,0,Early,47,1.9,30.5,Laurel 
201E,2,0,Early,45,2.1,30.5,Laurel 
201E,2,0,Early,43,2.1,30.5,Laurel 
201E,2,0,Early,39,2.4,30.5,Laurel 
201E,2,0,Early,49,1,33,Laurel 
201E,2,0,Early,43,1.1,33,Laurel 
201E,2,0,Early,41,1.5,33,Laurel 
201E,2,0,Early,47,1.7,33,Laurel 
201E,2,0,Early,49,1.7,33,Laurel 
201E,2,0,Early,49,1.9,33,Laurel 
201E,2,0,Early,47,2,33,Laurel 
201E,2,0,Early,43,2.1,33,Laurel 
201E,2,0,Early,41,2.4,33,Laurel 
201E,2,0,Early,49,1.6,34.3,Laurel 
201E,2,0,Early,49,1.8,35.6,Laurel 
201E,2,0,Early,49,1.8,35.6,Laurel 
201E,2,0,Early,45,1.9,35.6,Laurel 
201E,2,0,Early,41,1.9,35.6,Laurel 
201E,2,0,Early,49,2,35.6,Laurel 
201E,2,0,Early,45,2,35.6,Laurel 
201E,2,0,Early,43,2.1,35.6,Laurel 
201E,2,0,Early,45,2.3,35.6,Laurel 
201E,2,0,Early,45,1.9,36.8,Laurel 
201E,2,0,Early,39,2.5,36.8,Laurel 
201E,2,0,Early,49,1.7,38.1,Laurel 
201E,2,0,Early,47,1.7,38.1,Laurel 
201E,2,0,Early,41,1.7,38.1,Laurel 
201E,2,0,Early,41,1.7,38.1,Laurel 
201E,2,0,Early,41,1.9,38.1,Laurel 
201E,2,0,Early,53,1.8,40.6,Laurel 
201E,2,0,Early,47,1.8,40.6,Laurel 
201E,2,0,Early,49,1.9,40.6,Laurel 
201E,2,0,Early,49,2,40.6,Laurel 
201E,2,0,Early,39,2.6,40.6,Laurel 
201E,2,0,Early,55,1.4,41.9,Laurel 
201E,2,0,Early,49,1.6,41.9,Laurel 
201E,2,0,Early,55,2,43.2,Laurel 
201E,2,0,Early,49,2.3,43.2,Laurel 
201E,2,0,Early,45,2.4,43.2,Laurel 
201E,2,0,Early,49,2.4,44.5,Laurel 
201E,2,0,Early,49,2.5,45.7,Laurel 
201E,2,0,Early,47,2.9,45.7,Laurel 
201E,2,0,Early,55,1.4,48.3,Laurel 
201E,2,0,Early,49,2.3,48.3,Laurel 
201E,2,0,Early,49,1.8,49.5,Laurel 
201E,2,0,Early,49,2,50.8,Laurel 
201E,2,0,Early,49,3.1,50.8,Laurel 
201E,2,0,Early,57,3.3,52.1,Laurel 
201E,2,0,Early,43,3.4,52.1,Laurel 
201E,2,0,Early,51,2.4,55.9,Laurel 
201E,2,0,Early,57,3,61,Laurel 
201E,2,0,Early,55,3.1,61,Laurel 
201E,2,0,Early,57,3,62.2,Laurel 
201E,2,0,Early,53,2.8,63.5,Laurel 
201E,2,0,Early,53,3.8,73.7,Laurel 
201L,2,0,Late,25,na,17.8,Laurel 
201L,2,0,Late,43,0.64,20.3,Laurel 
201L,2,0,Late,25,na,22.9,Laurel 
201L,2,0,Late,61,0.73,40.6,Laurel 
201L,2,0,Late,61,0.84,45.7,Laurel 
201L,2,0,Late,61,0.53,50.8,Laurel 
201L,2,0,Late,69,0.59,58.4,Laurel 
201L,2,0,Late,63,0.74,58.4,Laurel 
201L,2,0,Late,63,0.98,58.4,Laurel 
201L,2,0,Late,67,1,58.4,Laurel 
201L,2,0,Late,65,0.6,61,Laurel 
201L,2,0,Late,61,0.85,61,Laurel 
201L,2,0,Late,61,0.94,61,Laurel 
201L,2,0,Late,59,1.18,63.5,Laurel 
201L,2,0,Late,61,0.69,66,Laurel 
201L,2,0,Late,61,0.96,66,Laurel 
201L,2,0,Late,61,0.81,68.6,Laurel 
201L,2,0,Late,61,1.14,68.6,Laurel 
201L,2,0,Late,63,1.24,68.6,Laurel 
201L,2,0,Late,61,1.05,71.1,Laurel 
201L,2,0,Late,65,1.05,71.1,Laurel 
201L,2,0,Late,63,1.37,71.1,Laurel 
201L,2,0,Late,65,0.73,73.7,Laurel 
201L,2,0,Late,65,1.19,73.7,Laurel 
201L,2,0,Late,63,1.27,73.7,Laurel 
201L,2,0,Late,63,1.35,73.7,Laurel 
201L,2,0,Late,65,0.99,76.2,Laurel 
201L,2,0,Late,69,1.12,76.2,Laurel 
201L,2,0,Late,63,1.16,76.2,Laurel 
201L,2,0,Late,61,1.06,78.7,Laurel 
201L,2,0,Late,63,1.24,78.7,Laurel 
201L,2,0,Late,61,1.33,78.7,Laurel 
201L,2,0,Late,65,0.66,81.3,Laurel 
201L,2,0,Late,63,1.02,81.3,Laurel 
201L,2,0,Late,65,1.09,81.3,Laurel 
201L,2,0,Late,65,1.97,81.3,Laurel 
201L,2,0,Late,65,1.28,83.8,Laurel 
201L,2,0,Late,65,0.85,86.4,Laurel 
201L,2,0,Late,65,1.14,86.4,Laurel 
201L,2,0,Late,63,1.23,86.4,Laurel 
201L,2,0,Late,65,1.34,86.4,Laurel 
201L,2,0,Late,67,1.26,88.9,Laurel 
201L,2,0,Late,59,1.4,88.9,Laurel 
201L,2,0,Late,69,1.77,88.9,Laurel 
201L,2,0,Late,61,1.17,91.4,Laurel 
201L,2,0,Late,65,1.23,91.4,Laurel 
201L,2,0,Late,63,1.58,91.4,Laurel 
201L,2,0,Late,67,1.69,91.4,Laurel 
201L,2,0,Late,67,1.22,94,Laurel 
201L,2,0,Late,67,1.57,94,Laurel 
201L,2,0,Late,63,1.5,96.5,Laurel 
201L,2,0,Late,69,1.68,96.5,Laurel 
201L,2,0,Late,69,1.82,96.5,Laurel 
201L,2,0,Late,67,1.63,99.1,Laurel 
201L,2,0,Late,65,1.65,99.1,Laurel 
201L,2,0,Late,69,1.61,101.6,Laurel 
201L,2,0,Late,67,1.63,101.6,Laurel 
201L,2,0,Late,69,1.99,101.6,Laurel 
201L,2,0,Late,67,1.48,104.1,Laurel 
201L,2,0,Late,69,1.58,104.1,Laurel 
201L,2,0,Late,69,1.61,104.1,Laurel 
201L,2,0,Late,67,1.97,104.1,Laurel 
201L,2,0,Late,61,2.03,104.1,Laurel 
201L,2,0,Late,69,1.84,106.7,Laurel 
201L,2,0,Late,67,2.07,106.7,Laurel 
201L,2,0,Late,65,1.61,109.2,Laurel 
201L,2,0,Late,63,1.72,109.2,Laurel 
201L,2,0,Late,67,1.82,109.2,Laurel 
201L,2,0,Late,67,1.98,109.2,Laurel 
201L,2,0,Late,59,2.45,109.2,Laurel 
201L,2,0,Late,67,2.39,111.8,Laurel 
201L,2,0,Late,61,2.5,111.8,Laurel 
201L,2,0,Late,67,1.89,114.3,Laurel 
201L,2,0,Late,67,2.16,114.3,Laurel 
201L,2,0,Late,67,2.38,114.3,Laurel 
201L,2,0,Late,65,2.26,116.8,Laurel 
201L,2,0,Late,67,2.58,116.8,Laurel 
201L,2,0,Late,65,2.65,116.8,Laurel 
201L,2,0,Late,65,2.86,119.4,Laurel 
201L,2,0,Late,69,0.72,121.9,Laurel 
201L,2,0,Late,69,2.27,121.9,Laurel 
201L,2,0,Late,67,2.48,121.9,Laurel 
201L,2,0,Late,67,2.52,121.9,Laurel 
201L,2,0,Late,65,2.71,121.9,Laurel 
201L,2,0,Late,67,2.93,121.9,Laurel 
201L,2,0,Late,67,2.71,124.5,Laurel 
201L,2,0,Late,63,3.1,124.5,Laurel 
201L,2,0,Late,69,2.58,127,Laurel 
201L,2,0,Late,65,2.59,127,Laurel 
201L,2,0,Late,67,2.9,127,Laurel 
201L,2,0,Late,65,3.07,129.5,Laurel 
201L,2,0,Late,69,2.68,134.6,Laurel 
201L,2,0,Late,67,3.16,134.6,Laurel 
201L,2,0,Late,67,3.39,144.8,Laurel 
201L,2,0,Late,69,3.68,144.8,Laurel 
202E,2,1.5,Early,47,0.7,25.4,Laurel 
202E,2,1.5,Early,49,1.1,30.5,Laurel 
202E,2,1.5,Early,47,1.5,40.6,Laurel 
202E,2,1.5,Early,57,1.8,40.6,Laurel 
202E,2,1.5,Early,49,1.4,48.3,Laurel 
202E,2,1.5,Early,51,1.5,48.3,Laurel 
202E,2,1.5,Early,55,2.4,48.3,Laurel 
202E,2,1.5,Early,55,2.3,53.3,Laurel 
202E,2,1.5,Early,49,2.3,53.3,Laurel 
202E,2,1.5,Early,49,1.5,55.9,Laurel 
202E,2,1.5,Early,53,2.1,55.9,Laurel 
202E,2,1.5,Early,55,2,57.2,Laurel 
202E,2,1.5,Early,59,3,57.2,Laurel 
202E,2,1.5,Early,49,3.1,57.2,Laurel 
202E,2,1.5,Early,53,1.9,58.4,Laurel 
202E,2,1.5,Early,57,2,58.4,Laurel 
202E,2,1.5,Early,49,2.2,58.4,Laurel 
202E,2,1.5,Early,55,2.7,58.4,Laurel 
202E,2,1.5,Early,55,3,61,Laurel 
202E,2,1.5,Early,53,3.1,61,Laurel 
202E,2,1.5,Early,55,2.6,63.5,Laurel 
202E,2,1.5,Early,49,3.1,63.5,Laurel 
202E,2,1.5,Early,55,3.1,63.5,Laurel 
202E,2,1.5,Early,51,2.1,64.8,Laurel 
202E,2,1.5,Early,55,2.4,66,Laurel 
202E,2,1.5,Early,53,2.5,66,Laurel 
202E,2,1.5,Early,53,2.5,66,Laurel 
202E,2,1.5,Early,55,3,66,Laurel 
202E,2,1.5,Early,59,2.1,67.3,Laurel 
202E,2,1.5,Early,57,3,67.3,Laurel 
202E,2,1.5,Early,49,2.7,68.6,Laurel 
202E,2,1.5,Early,55,3.2,68.6,Laurel 
202E,2,1.5,Early,51,3.6,68.6,Laurel 
202E,2,1.5,Early,51,3,69.9,Laurel 
202E,2,1.5,Early,55,2.7,71.1,Laurel 
202E,2,1.5,Early,57,3,71.1,Laurel 
202E,2,1.5,Early,55,3.1,71.1,Laurel 
202E,2,1.5,Early,53,3.4,71.1,Laurel 
202E,2,1.5,Early,57,3,73.7,Laurel 
202E,2,1.5,Early,53,3.1,73.7,Laurel 
202E,2,1.5,Early,55,3.8,73.7,Laurel 
202E,2,1.5,Early,55,3.3,74.9,Laurel 
202E,2,1.5,Early,59,2.4,76.2,Laurel 
202E,2,1.5,Early,59,2.5,76.2,Laurel 
202E,2,1.5,Early,55,2.8,76.2,Laurel 
202E,2,1.5,Early,55,3.4,76.2,Laurel 
202E,2,1.5,Early,53,3.6,76.2,Laurel 
202E,2,1.5,Early,59,3.7,76.2,Laurel 
202E,2,1.5,Early,47,2.7,78.7,Laurel 
202E,2,1.5,Early,55,4.2,78.7,Laurel 
202E,2,1.5,Early,59,3,80,Laurel 
202E,2,1.5,Early,57,3.8,80,Laurel 
202E,2,1.5,Early,55,2.7,81.3,Laurel 
202E,2,1.5,Early,53,3.9,81.3,Laurel 
202E,2,1.5,Early,59,3.2,83.8,Laurel 
202E,2,1.5,Early,57,3.3,83.8,Laurel 
202E,2,1.5,Early,53,3.7,83.8,Laurel 
202E,2,1.5,Early,55,3.9,83.8,Laurel 
202E,2,1.5,Early,55,3,85.1,Laurel 
202E,2,1.5,Early,57,3.6,87.6,Laurel 
202E,2,1.5,Early,53,3.4,88.9,Laurel 
202E,2,1.5,Early,55,4.3,88.9,Laurel 
202E,2,1.5,Early,57,3.7,92.7,Laurel 
202E,2,1.5,Early,55,3.3,94,Laurel 
202E,2,1.5,Early,59,4,104.1,Laurel 
202L,2,1.5,Late,25,0.56,20.3,Laurel 
202L,2,1.5,Late,63,0.47,25.4,Laurel 
202L,2,1.5,Late,61,0.63,53.3,Laurel 
202L,2,1.5,Late,61,0.71,55.9,Laurel 
202L,2,1.5,Late,65,0.53,61,Laurel 
202L,2,1.5,Late,61,0.94,61,Laurel 
202L,2,1.5,Late,61,0.76,66,Laurel 
202L,2,1.5,Late,67,0.68,68.6,Laurel 
202L,2,1.5,Late,65,0.83,68.6,Laurel 
202L,2,1.5,Late,61,1.18,68.6,Laurel 
202L,2,1.5,Late,63,0.97,71.1,Laurel 
202L,2,1.5,Late,65,1.18,71.1,Laurel 
202L,2,1.5,Late,63,0.81,73.7,Laurel 
202L,2,1.5,Late,65,1.02,81.3,Laurel 
202L,2,1.5,Late,69,1.29,81.3,Laurel 
202L,2,1.5,Late,69,1.75,81.3,Laurel 
202L,2,1.5,Late,65,0.71,83.8,Laurel 
202L,2,1.5,Late,63,0.78,83.8,Laurel 
202L,2,1.5,Late,69,1.2,83.8,Laurel 
202L,2,1.5,Late,65,1.2,83.8,Laurel 
202L,2,1.5,Late,69,0.94,86.4,Laurel 
202L,2,1.5,Late,65,1.15,86.4,Laurel 
202L,2,1.5,Late,69,1.3,86.4,Laurel 
202L,2,1.5,Late,65,1.51,88.9,Laurel 
202L,2,1.5,Late,67,1.22,91.4,Laurel 
202L,2,1.5,Late,67,1.62,96.5,Laurel 
202L,2,1.5,Late,67,1.66,96.5,Laurel 
202L,2,1.5,Late,69,1.28,99.1,Laurel 
202L,2,1.5,Late,63,1.4,99.1,Laurel 
202L,2,1.5,Late,69,1.82,99.1,Laurel 
202L,2,1.5,Late,61,2,101.6,Laurel 
202L,2,1.5,Late,63,1.44,104.1,Laurel 
202L,2,1.5,Late,69,1.48,106.7,Laurel 
202L,2,1.5,Late,67,1.56,106.7,Laurel 
202L,2,1.5,Late,65,1.58,106.7,Laurel 
202L,2,1.5,Late,67,1.99,106.7,Laurel 
202L,2,1.5,Late,69,1.52,109.2,Laurel 
202L,2,1.5,Late,69,1.68,109.2,Laurel 
202L,2,1.5,Late,69,1.69,109.2,Laurel 
202L,2,1.5,Late,69,1.75,109.2,Laurel 
202L,2,1.5,Late,69,1.82,109.2,Laurel 
202L,2,1.5,Late,69,2.21,109.2,Laurel 
202L,2,1.5,Late,65,1.39,111.8,Laurel 
202L,2,1.5,Late,67,2.12,111.8,Laurel 
202L,2,1.5,Late,69,2.14,111.8,Laurel 
202L,2,1.5,Late,61,2.58,111.8,Laurel 
202L,2,1.5,Late,65,1.92,114.3,Laurel 
202L,2,1.5,Late,69,1.64,116.8,Laurel 
202L,2,1.5,Late,69,1.8,116.8,Laurel 
202L,2,1.5,Late,69,1.92,116.8,Laurel 
202L,2,1.5,Late,69,2.06,116.8,Laurel 
202L,2,1.5,Late,69,1.79,119.4,Laurel 
202L,2,1.5,Late,69,2.02,119.4,Laurel 
202L,2,1.5,Late,67,2.09,119.4,Laurel 
202L,2,1.5,Late,69,2.14,119.4,Laurel 
202L,2,1.5,Late,67,2.19,119.4,Laurel 
202L,2,1.5,Late,67,2.37,119.4,Laurel 
202L,2,1.5,Late,69,1.77,121.9,Laurel 
202L,2,1.5,Late,65,1.89,121.9,Laurel 
202L,2,1.5,Late,69,2.13,121.9,Laurel 
202L,2,1.5,Late,67,2.15,121.9,Laurel 
202L,2,1.5,Late,69,2.2,121.9,Laurel 
202L,2,1.5,Late,67,2.24,121.9,Laurel 
202L,2,1.5,Late,67,1.54,124.5,Laurel 
202L,2,1.5,Late,69,1.86,124.5,Laurel 
202L,2,1.5,Late,67,1.89,124.5,Laurel 
202L,2,1.5,Late,69,1.96,124.5,Laurel 
202L,2,1.5,Late,67,2.22,124.5,Laurel 
202L,2,1.5,Late,67,2.37,124.5,Laurel 
202L,2,1.5,Late,69,2.15,127,Laurel 
202L,2,1.5,Late,69,2.19,127,Laurel 
202L,2,1.5,Late,69,2.26,127,Laurel 
202L,2,1.5,Late,61,2.48,127,Laurel 
202L,2,1.5,Late,69,2.59,127,Laurel 
202L,2,1.5,Late,67,2.44,129.5,Laurel 
202L,2,1.5,Late,67,2.73,129.5,Laurel 
202L,2,1.5,Late,69,2.06,132.1,Laurel 
202L,2,1.5,Late,69,2.37,132.1,Laurel 
202L,2,1.5,Late,67,2.45,132.1,Laurel 
202L,2,1.5,Late,69,2.5,132.1,Laurel 
202L,2,1.5,Late,69,2.63,132.1,Laurel 
202L,2,1.5,Late,69,2.71,132.1,Laurel 
202L,2,1.5,Late,67,2.88,132.1,Laurel 
202L,2,1.5,Late,67,2.38,134.6,Laurel 
202L,2,1.5,Late,69,2.53,137.2,Laurel 
202L,2,1.5,Late,67,2.38,139.7,Laurel 
202L,2,1.5,Late,69,2.48,139.7,Laurel 
202L,2,1.5,Late,69,2.8,139.7,Laurel 
202L,2,1.5,Late,69,2.43,142.2,Laurel 
202L,2,1.5,Late,69,2.32,144.8,Laurel 
202L,2,1.5,Late,69,3.22,144.8,Laurel 
202L,2,1.5,Late,67,3.81,147.3,Laurel 
202L,2,1.5,Late,69,2.71,157.5,Laurel 
202L,2,1.5,Late,69,3.57,157.5,Laurel 
202L,2,1.5,Late,69,3.73,160,Laurel 
202L,2,1.5,Late,69,4.69,162.6,Laurel 
202L,2,1.5,Late,71,4.32,170.2,Laurel 
203E,2,3,Early,na,na,12.7,Laurel 
203E,2,3,Early,53,0.9,17.8,Laurel 
203E,2,3,Early,47,0.8,22.9,Laurel 
203E,2,3,Early,45,0.9,27.9,Laurel 
203E,2,3,Early,47,1.1,27.9,Laurel 
203E,2,3,Early,47,1.1,30.5,Laurel 
203E,2,3,Early,47,1.2,30.5,Laurel 
203E,2,3,Early,45,1.3,31.8,Laurel 
203E,2,3,Early,49,2.3,33,Laurel 
203E,2,3,Early,47,1.8,34.3,Laurel 
203E,2,3,Early,47,1.9,34.3,Laurel 
203E,2,3,Early,49,0.9,35.6,Laurel 
203E,2,3,Early,49,1.1,35.6,Laurel 
203E,2,3,Early,49,1.3,35.6,Laurel 
203E,2,3,Early,47,1.4,35.6,Laurel 
203E,2,3,Early,51,1.9,35.6,Laurel 
203E,2,3,Early,47,1.8,36.8,Laurel 
203E,2,3,Early,49,1.7,38.1,Laurel 
203E,2,3,Early,49,1.7,38.1,Laurel 
203E,2,3,Early,47,1.7,38.1,Laurel 
203E,2,3,Early,41,2.4,38.1,Laurel 
203E,2,3,Early,49,1.2,39.4,Laurel 
203E,2,3,Early,43,2.3,40.6,Laurel 
203E,2,3,Early,49,1.6,41.9,Laurel 
203E,2,3,Early,43,1.7,41.9,Laurel 
203E,2,3,Early,49,1.9,41.9,Laurel 
203E,2,3,Early,49,1.8,43.2,Laurel 
203E,2,3,Early,49,2.1,43.2,Laurel 
203E,2,3,Early,55,2,44.5,Laurel 
203E,2,3,Early,47,2.5,44.5,Laurel 
203E,2,3,Early,49,2,45.7,Laurel 
203E,2,3,Early,51,2.2,45.7,Laurel 
203E,2,3,Early,51,2.6,45.7,Laurel 
203E,2,3,Early,55,1.3,48.3,Laurel 
203E,2,3,Early,47,1.9,48.3,Laurel 
203E,2,3,Early,51,1.6,50.8,Laurel 
203E,2,3,Early,51,1.8,50.8,Laurel 
203E,2,3,Early,55,1.9,50.8,Laurel 
203E,2,3,Early,49,1.5,52.1,Laurel 
203E,2,3,Early,49,2.4,52.1,Laurel 
203E,2,3,Early,47,2.7,52.1,Laurel 
203E,2,3,Early,49,1.8,53.3,Laurel 
203E,2,3,Early,51,1.9,53.3,Laurel 
203E,2,3,Early,49,2.9,53.3,Laurel 
203E,2,3,Early,47,2.6,54.6,Laurel 
203E,2,3,Early,57,1.7,55.9,Laurel 
203E,2,3,Early,47,2.3,58.4,Laurel 
203E,2,3,Early,47,2.4,58.4,Laurel 
203E,2,3,Early,53,2.5,58.4,Laurel 
203E,2,3,Early,49,2.6,58.4,Laurel 
203E,2,3,Early,55,3,58.4,Laurel 
203E,2,3,Early,49,3.1,58.4,Laurel 
203E,2,3,Early,55,2.7,59.7,Laurel 
203E,2,3,Early,51,2.4,61,Laurel 
203E,2,3,Early,51,2.6,61,Laurel 
203E,2,3,Early,57,2,62.2,Laurel 
203E,2,3,Early,47,3.2,63.5,Laurel 
203E,2,3,Early,49,3.5,66,Laurel 
203E,2,3,Early,49,3.7,66,Laurel 
203E,2,3,Early,55,3.1,68.6,Laurel 
203E,2,3,Early,55,3.2,68.6,Laurel 
203E,2,3,Early,49,3.2,71.1,Laurel 
203E,2,3,Early,55,3.3,71.1,Laurel 
203E,2,3,Early,55,3,73.7,Laurel 
203E,2,3,Early,55,3,73.7,Laurel 
203E,2,3,Early,53,3.4,73.7,Laurel 
203E,2,3,Early,55,3.9,73.7,Laurel 
203L,2,3,Late,25,0.23,22.9,Laurel 
203L,2,3,Late,59,0.31,22.9,Laurel 
203L,2,3,Late,25,0.22,25.4,Laurel 
203L,2,3,Late,25,0.6,30.5,Laurel 
203L,2,3,Late,61,0.7,50.8,Laurel 
203L,2,3,Late,61,3.63,53.3,Laurel 
203L,2,3,Late,59,1.75,55.9,Laurel 
203L,2,3,Late,61,0.54,58.4,Laurel 
203L,2,3,Late,67,0.76,73.7,Laurel 
203L,2,3,Late,61,0.83,78.7,Laurel 
203L,2,3,Late,63,1.57,81.3,Laurel 
203L,2,3,Late,69,0.97,86.4,Laurel 
203L,2,3,Late,67,1.38,86.4,Laurel 
203L,2,3,Late,61,1.1,91.4,Laurel 
203L,2,3,Late,65,1.44,94,Laurel 
203L,2,3,Late,69,1.73,94,Laurel 
203L,2,3,Late,69,0.98,96.5,Laurel 
203L,2,3,Late,67,1.14,96.5,Laurel 
203L,2,3,Late,69,1.68,99.1,Laurel 
203L,2,3,Late,65,1.21,104.1,Laurel 
203L,2,3,Late,67,1.16,106.7,Laurel 
203L,2,3,Late,69,1.35,106.7,Laurel 
203L,2,3,Late,69,1.71,106.7,Laurel 
203L,2,3,Late,67,1.78,106.7,Laurel 
203L,2,3,Late,67,1.84,109.2,Laurel 
203L,2,3,Late,67,2.52,109.2,Laurel 
203L,2,3,Late,69,1.41,111.8,Laurel 
203L,2,3,Late,67,1.66,111.8,Laurel 
203L,2,3,Late,69,2.01,111.8,Laurel 
203L,2,3,Late,65,1.5,114.3,Laurel 
203L,2,3,Late,69,1.56,114.3,Laurel 
203L,2,3,Late,67,1.99,114.3,Laurel 
203L,2,3,Late,67,1.59,116.8,Laurel 
203L,2,3,Late,63,1.74,116.8,Laurel 
203L,2,3,Late,69,2.09,116.8,Laurel 
203L,2,3,Late,69,2.14,116.8,Laurel 
203L,2,3,Late,65,1.77,119.4,Laurel 
203L,2,3,Late,67,1.96,119.4,Laurel 
203L,2,3,Late,69,2.05,119.4,Laurel 
203L,2,3,Late,69,2.12,119.4,Laurel 
203L,2,3,Late,69,2.14,119.4,Laurel 
203L,2,3,Late,65,1.85,121.9,Laurel 
203L,2,3,Late,67,1.94,121.9,Laurel 
203L,2,3,Late,65,2.13,121.9,Laurel 
203L,2,3,Late,69,2.22,121.9,Laurel 
203L,2,3,Late,67,2.28,121.9,Laurel 
203L,2,3,Late,69,2.78,121.9,Laurel 
203L,2,3,Late,69,1.5,124.5,Laurel 
203L,2,3,Late,67,1.93,124.5,Laurel 
203L,2,3,Late,69,2.03,124.5,Laurel 
203L,2,3,Late,67,2.32,124.5,Laurel 
203L,2,3,Late,69,2.03,129.5,Laurel 
203L,2,3,Late,69,2.37,129.5,Laurel 
203L,2,3,Late,69,2.49,129.5,Laurel 
203L,2,3,Late,69,2.31,132.1,Laurel 
203L,2,3,Late,69,2.45,132.1,Laurel 
203L,2,3,Late,67,3.1,132.1,Laurel 
203L,2,3,Late,69,3.21,132.1,Laurel 
203L,2,3,Late,69,2.05,134.6,Laurel 
203L,2,3,Late,69,2.73,134.6,Laurel 
203L,2,3,Late,67,3.08,134.6,Laurel 
203L,2,3,Late,67,2.58,137.2,Laurel 
203L,2,3,Late,69,2.83,137.2,Laurel 
203L,2,3,Late,63,2.6,139.7,Laurel 
203L,2,3,Late,69,3.05,139.7,Laurel 
203L,2,3,Late,69,3.36,139.7,Laurel 
203L,2,3,Late,69,2.33,142.2,Laurel 
203L,2,3,Late,69,2.44,142.2,Laurel 
203L,2,3,Late,69,2.46,142.2,Laurel 
203L,2,3,Late,69,3.01,142.2,Laurel 
203L,2,3,Late,69,3.05,142.2,Laurel 
203L,2,3,Late,67,2.77,144.8,Laurel 
203L,2,3,Late,69,2.88,144.8,Laurel 
203L,2,3,Late,69,2.97,144.8,Laurel 
203L,2,3,Late,67,3.04,144.8,Laurel 
203L,2,3,Late,69,3.1,144.8,Laurel 
203L,2,3,Late,69,3.51,144.8,Laurel 
203L,2,3,Late,67,3.8,144.8,Laurel 
203L,2,3,Late,69,2.62,147.3,Laurel 
203L,2,3,Late,69,2.8,147.3,Laurel 
203L,2,3,Late,69,3.15,147.3,Laurel 
203L,2,3,Late,69,3.53,147.3,Laurel 
203L,2,3,Late,69,3.47,149.9,Laurel 
203L,2,3,Late,69,2.52,152.4,Laurel 
203L,2,3,Late,67,2.66,152.4,Laurel 
203L,2,3,Late,69,2.68,152.4,Laurel 
203L,2,3,Late,69,3.38,152.4,Laurel 
203L,2,3,Late,67,0.94,154.9,Laurel 
203L,2,3,Late,67,3.42,154.9,Laurel 
203L,2,3,Late,69,3.51,154.9,Laurel 
203L,2,3,Late,69,3.63,154.9,Laurel 
203L,2,3,Late,69,3.18,157.5,Laurel 
203L,2,3,Late,69,3.9,157.5,Laurel 
203L,2,3,Late,69,3.11,160,Laurel 
203L,2,3,Late,67,3.31,162.6,Laurel 
203L,2,3,Late,67,3.5,165.1,Laurel 
203L,2,3,Late,69,3.7,165.1,Laurel 
203L,2,3,Late,67,3.79,165.1,Laurel 
203L,2,3,Late,69,4.58,170.2,Laurel 
301E,3,3,Early,na,na,15.2,Laurel 
301E,3,3,Early,na,na,17.8,Laurel 
301E,3,3,Early,30,1.2,20.3,Laurel 
301E,3,3,Early,na,na,20.3,Laurel 
301E,3,3,Early,43,1.1,30.5,Laurel 
301E,3,3,Early,41,2,38.1,Laurel 
301E,3,3,Early,47,2.3,38.1,Laurel 
301E,3,3,Early,47,1.4,41.9,Laurel 
301E,3,3,Early,43,2,45.7,Laurel 
301E,3,3,Early,55,3.1,54.6,Laurel 
301E,3,3,Early,49,2.4,55.9,Laurel 
301E,3,3,Early,59,3.8,55.9,Laurel 
301E,3,3,Early,51,2.3,58.4,Laurel 
301E,3,3,Early,57,2.6,58.4,Laurel 
301E,3,3,Early,51,3.1,58.4,Laurel 
301E,3,3,Early,49,2.5,61,Laurel 
301E,3,3,Early,49,3,61,Laurel 
301E,3,3,Early,59,2.6,63.5,Laurel 
301E,3,3,Early,45,3.2,63.5,Laurel 
301E,3,3,Early,49,3.3,63.5,Laurel 
301E,3,3,Early,57,2.1,66,Laurel 
301E,3,3,Early,49,2.6,66,Laurel 
301E,3,3,Early,55,3.6,66,Laurel 
301E,3,3,Early,53,2.2,67.3,Laurel 
301E,3,3,Early,55,4.2,68.6,Laurel 
301E,3,3,Early,41,2.5,69.9,Laurel 
301E,3,3,Early,57,2.8,71.1,Laurel 
301E,3,3,Early,49,2.8,71.1,Laurel 
301E,3,3,Early,53,2.9,71.1,Laurel 
301E,3,3,Early,59,2,72.4,Laurel 
301E,3,3,Early,57,2.6,72.4,Laurel 
301E,3,3,Early,57,2.2,73.7,Laurel 
301E,3,3,Early,55,2.2,73.7,Laurel 
301E,3,3,Early,55,3.1,73.7,Laurel 
301E,3,3,Early,49,3.5,73.7,Laurel 
301E,3,3,Early,49,4.6,73.7,Laurel 
301E,3,3,Early,55,3.5,74.9,Laurel 
301E,3,3,Early,57,2.6,76.2,Laurel 
301E,3,3,Early,53,3.8,76.2,Laurel 
301E,3,3,Early,59,3,77.5,Laurel 
301E,3,3,Early,55,3.2,77.5,Laurel 
301E,3,3,Early,59,2.4,78.7,Laurel 
301E,3,3,Early,57,2.9,78.7,Laurel 
301E,3,3,Early,53,3.2,78.7,Laurel 
301E,3,3,Early,57,4.2,78.7,Laurel 
301E,3,3,Early,49,3.6,80,Laurel 
301E,3,3,Early,57,4.4,80,Laurel 
301E,3,3,Early,59,2.6,81.3,Laurel 
301E,3,3,Early,55,3,81.3,Laurel 
301E,3,3,Early,57,3.1,81.3,Laurel 
301E,3,3,Early,55,3.2,81.3,Laurel 
301E,3,3,Early,57,3.3,81.3,Laurel 
301E,3,3,Early,57,3,82.6,Laurel 
301E,3,3,Early,51,4.5,82.6,Laurel 
301E,3,3,Early,59,3.2,83.8,Laurel 
301E,3,3,Early,57,3.7,83.8,Laurel 
301E,3,3,Early,59,4.2,85.1,Laurel 
301E,3,3,Early,59,3.3,86.4,Laurel 
301E,3,3,Early,55,3.8,86.4,Laurel 
301E,3,3,Early,57,3.3,88.9,Laurel 
301E,3,3,Early,59,4.2,91.4,Laurel 
301E,3,3,Early,55,2.9,94,Laurel 
301E,3,3,Early,59,3.6,95.3,Laurel 
301E,3,3,Early,59,3.2,97.8,Laurel 
301E,3,3,Early,59,4,99.1,Laurel 
301E,3,3,Early,55,4.7,99.1,Laurel 
301E,3,3,Early,59,3.9,100.3,Laurel 
301E,3,3,Early,59,4.9,101.6,Laurel 
301E,3,3,Early,57,3.7,106.7,Laurel 
301L,3,3,Late,61,0.89,45.7,Laurel 
301L,3,3,Late,59,0.53,50.8,Laurel 
301L,3,3,Late,61,1.07,58.4,Laurel 
301L,3,3,Late,63,0.92,61,Laurel 
301L,3,3,Late,61,1.06,61,Laurel 
301L,3,3,Late,67,0.99,66,Laurel 
301L,3,3,Late,69,2.32,66,Laurel 
301L,3,3,Late,63,1.18,68.6,Laurel 
301L,3,3,Late,67,1.08,71.1,Laurel 
301L,3,3,Late,63,1.06,73.7,Laurel 
301L,3,3,Late,63,1.21,73.7,Laurel 
301L,3,3,Late,67,1.3,73.7,Laurel 
301L,3,3,Late,67,1.33,73.7,Laurel 
301L,3,3,Late,63,0.95,76.2,Laurel 
301L,3,3,Late,67,1.23,76.2,Laurel 
301L,3,3,Late,69,1.24,76.2,Laurel 
301L,3,3,Late,69,1.42,76.2,Laurel 
301L,3,3,Late,63,1.3,78.7,Laurel 
301L,3,3,Late,69,1.35,78.7,Laurel 
301L,3,3,Late,69,1.52,78.7,Laurel 
301L,3,3,Late,67,1.17,81.3,Laurel 
301L,3,3,Late,61,0.91,83.8,Laurel 
301L,3,3,Late,67,1.11,83.8,Laurel 
301L,3,3,Late,67,1.13,83.8,Laurel 
301L,3,3,Late,61,1.85,83.8,Laurel 
301L,3,3,Late,67,1.1,86.4,Laurel 
301L,3,3,Late,69,1.27,86.4,Laurel 
301L,3,3,Late,67,1.59,86.4,Laurel 
301L,3,3,Late,67,1.92,86.4,Laurel 
301L,3,3,Late,59,2.01,86.4,Laurel 
301L,3,3,Late,67,1.27,88.9,Laurel 
301L,3,3,Late,61,1.35,91.4,Laurel 
301L,3,3,Late,65,1.89,91.4,Laurel 
301L,3,3,Late,67,1.3,94,Laurel 
301L,3,3,Late,65,1.41,94,Laurel 
301L,3,3,Late,67,1.59,94,Laurel 
301L,3,3,Late,65,1.58,96.5,Laurel 
301L,3,3,Late,69,1.54,99.1,Laurel 
301L,3,3,Late,67,1.92,99.1,Laurel 
301L,3,3,Late,69,2.06,99.1,Laurel 
301L,3,3,Late,63,0.88,101.6,Laurel 
301L,3,3,Late,69,0.98,101.6,Laurel 
301L,3,3,Late,67,1.52,101.6,Laurel 
301L,3,3,Late,67,2.18,101.6,Laurel 
301L,3,3,Late,67,1.47,104.1,Laurel 
301L,3,3,Late,67,1.65,104.1,Laurel 
301L,3,3,Late,69,1.8,104.1,Laurel 
301L,3,3,Late,65,1.82,104.1,Laurel 
301L,3,3,Late,69,1.99,104.1,Laurel 
301L,3,3,Late,69,1.49,106.7,Laurel 
301L,3,3,Late,65,2.31,106.7,Laurel 
301L,3,3,Late,69,2.31,106.7,Laurel 
301L,3,3,Late,67,2.51,106.7,Laurel 
301L,3,3,Late,67,1.56,109.2,Laurel 
301L,3,3,Late,69,2.05,109.2,Laurel 
301L,3,3,Late,69,2.02,111.8,Laurel 
301L,3,3,Late,67,1.91,114.3,Laurel 
301L,3,3,Late,67,2.26,114.3,Laurel 
301L,3,3,Late,67,3.06,114.3,Laurel 
301L,3,3,Late,63,1.67,116.8,Laurel 
301L,3,3,Late,67,1.7,116.8,Laurel 
301L,3,3,Late,67,2.08,116.8,Laurel 
301L,3,3,Late,69,1.85,119.4,Laurel 
301L,3,3,Late,69,1.96,119.4,Laurel 
301L,3,3,Late,67,2.16,119.4,Laurel 
301L,3,3,Late,63,2.17,119.4,Laurel 
301L,3,3,Late,69,2.23,121.9,Laurel 
301L,3,3,Late,69,2.02,124.5,Laurel 
301L,3,3,Late,69,2.16,124.5,Laurel 
301L,3,3,Late,67,2.23,124.5,Laurel 
301L,3,3,Late,67,2.6,124.5,Laurel 
301L,3,3,Late,67,2.27,129.5,Laurel 
301L,3,3,Late,67,2.35,129.5,Laurel 
301L,3,3,Late,67,2.52,132.1,Laurel 
301L,3,3,Late,67,2.84,134.6,Laurel 
301L,3,3,Late,69,2.99,134.6,Laurel 
301L,3,3,Late,69,3.62,142.2,Laurel 
301L,3,3,Late,69,3.77,142.2,Laurel 
301L,3,3,Late,69,3.18,152.4,Laurel 
301L,3,3,Late,67,3.64,162.6,Laurel 
302E,3,1.5,Early,49,0.7,25.4,Laurel 
302E,3,1.5,Early,43,1.1,25.4,Laurel 
302E,3,1.5,Early,53,1.1,25.4,Laurel 
302E,3,1.5,Early,49,1.4,30.5,Laurel 
302E,3,1.5,Early,49,0.9,33,Laurel 
302E,3,1.5,Early,49,1.5,33,Laurel 
302E,3,1.5,Early,49,1.3,35.6,Laurel 
302E,3,1.5,Early,49,1.9,35.6,Laurel 
302E,3,1.5,Early,41,1.3,36.8,Laurel 
302E,3,1.5,Early,51,1.1,38.1,Laurel 
302E,3,1.5,Early,45,1.8,38.1,Laurel 
302E,3,1.5,Early,49,1.1,39.4,Laurel 
302E,3,1.5,Early,59,1.5,40.6,Laurel 
302E,3,1.5,Early,55,1.3,41.9,Laurel 
302E,3,1.5,Early,49,1.4,43.2,Laurel 
302E,3,1.5,Early,49,1.7,43.2,Laurel 
302E,3,1.5,Early,49,1.3,44.5,Laurel 
302E,3,1.5,Early,43,2.4,44.5,Laurel 
302E,3,1.5,Early,59,1.6,45.7,Laurel 
302E,3,1.5,Early,59,1.7,45.7,Laurel 
302E,3,1.5,Early,51,1.2,48.3,Laurel 
302E,3,1.5,Early,53,1.3,48.3,Laurel 
302E,3,1.5,Early,55,1.3,48.3,Laurel 
302E,3,1.5,Early,49,1.4,48.3,Laurel 
302E,3,1.5,Early,49,1.5,48.3,Laurel 
302E,3,1.5,Early,45,1.1,49.5,Laurel 
302E,3,1.5,Early,55,1.6,52.1,Laurel 
302E,3,1.5,Early,49,1.8,53.3,Laurel 
302E,3,1.5,Early,45,2.6,53.3,Laurel 
302E,3,1.5,Early,47,2.7,53.3,Laurel 
302E,3,1.5,Early,55,1.1,54.6,Laurel 
302E,3,1.5,Early,49,1.4,54.6,Laurel 
302E,3,1.5,Early,53,1.1,55.9,Laurel 
302E,3,1.5,Early,53,1.2,55.9,Laurel 
302E,3,1.5,Early,51,2.1,58.4,Laurel 
302E,3,1.5,Early,59,1.5,59.7,Laurel 
302E,3,1.5,Early,55,2.1,59.7,Laurel 
302E,3,1.5,Early,57,2,61,Laurel 
302E,3,1.5,Early,59,2.1,61,Laurel 
302E,3,1.5,Early,57,1.5,62.2,Laurel 
302E,3,1.5,Early,59,1.9,62.2,Laurel 
302E,3,1.5,Early,55,1.5,63.5,Laurel 
302E,3,1.5,Early,59,2.1,63.5,Laurel 
302E,3,1.5,Early,59,2.6,63.5,Laurel 
302E,3,1.5,Early,55,2.7,63.5,Laurel 
302E,3,1.5,Early,51,3.2,63.5,Laurel 
302E,3,1.5,Early,55,1.6,66,Laurel 
302E,3,1.5,Early,59,1.9,66,Laurel 
302E,3,1.5,Early,59,2,66,Laurel 
302E,3,1.5,Early,55,2.2,66,Laurel 
302E,3,1.5,Early,55,2.5,66,Laurel 
302E,3,1.5,Early,57,2.7,66,Laurel 
302E,3,1.5,Early,55,3,66,Laurel 
302E,3,1.5,Early,51,2.7,67.3,Laurel 
302E,3,1.5,Early,55,3.2,68.6,Laurel 
302E,3,1.5,Early,57,2.2,71.1,Laurel 
302E,3,1.5,Early,55,2.3,71.1,Laurel 
302E,3,1.5,Early,57,2.4,71.1,Laurel 
302E,3,1.5,Early,59,2.7,71.1,Laurel 
302E,3,1.5,Early,59,2.4,72.4,Laurel 
302E,3,1.5,Early,53,2.3,73.7,Laurel 
302E,3,1.5,Early,59,2.4,73.7,Laurel 
302E,3,1.5,Early,59,2.4,73.7,Laurel 
302E,3,1.5,Early,59,2.6,73.7,Laurel 
302E,3,1.5,Early,49,3.4,73.7,Laurel 
302E,3,1.5,Early,59,3.5,73.7,Laurel 
302E,3,1.5,Early,51,2.3,74.9,Laurel 
302E,3,1.5,Early,53,3.7,76.2,Laurel 
302E,3,1.5,Early,57,3.3,77.5,Laurel 
302E,3,1.5,Early,59,1.7,78.7,Laurel 
302E,3,1.5,Early,55,1.8,78.7,Laurel 
302E,3,1.5,Early,57,2.6,78.7,Laurel 
302E,3,1.5,Early,53,2.7,78.7,Laurel 
302E,3,1.5,Early,53,3.2,78.7,Laurel 
302E,3,1.5,Early,53,3.6,81.3,Laurel 
302E,3,1.5,Early,59,2.1,83.8,Laurel 
302E,3,1.5,Early,59,3.5,86.4,Laurel 
302E,3,1.5,Early,59,2.5,88.9,Laurel 
302E,3,1.5,Early,55,2.6,88.9,Laurel 
302E,3,1.5,Early,57,3,91.4,Laurel 
302E,3,1.5,Early,59,3.2,91.4,Laurel 
302E,3,1.5,Early,59,3,95.3,Laurel 
302E,3,1.5,Early,57,3.5,95.3,Laurel 
302E,3,1.5,Early,59,2.7,99.1,Laurel 
302E,3,1.5,Early,57,3.3,99.1,Laurel 
302E,3,1.5,Early,59,3.4,99.1,Laurel 
302E,3,1.5,Early,59,2.7,102.9,Laurel 
302E,3,1.5,Early,59,3.3,104.1,Laurel 
302L,3,1.5,Late,65,0.56,43.2,Laurel 
302L,3,1.5,Late,63,0.6,61,Laurel 
302L,3,1.5,Late,61,0.47,66,Laurel 
302L,3,1.5,Late,61,1.04,66,Laurel 
302L,3,1.5,Late,61,0.89,68.6,Laurel 
302L,3,1.5,Late,61,2.12,68.6,Laurel 
302L,3,1.5,Late,67,0.97,71.1,Laurel 
302L,3,1.5,Late,61,0.92,73.7,Laurel 
302L,3,1.5,Late,65,1.32,78.7,Laurel 
302L,3,1.5,Late,67,0.7,81.3,Laurel 
302L,3,1.5,Late,61,0.77,81.3,Laurel 
302L,3,1.5,Late,69,1.05,83.8,Laurel 
302L,3,1.5,Late,65,1.43,83.8,Laurel 
302L,3,1.5,Late,63,1.67,83.8,Laurel 
302L,3,1.5,Late,67,1.86,86.4,Laurel 
302L,3,1.5,Late,61,1.11,91.4,Laurel 
302L,3,1.5,Late,63,1.49,91.4,Laurel 
302L,3,1.5,Late,63,1.58,91.4,Laurel 
302L,3,1.5,Late,67,0.75,94,Laurel 
302L,3,1.5,Late,67,1.17,94,Laurel 
302L,3,1.5,Late,69,1.76,94,Laurel 
302L,3,1.5,Late,69,2.14,94,Laurel 
302L,3,1.5,Late,63,1.4,96.5,Laurel 
302L,3,1.5,Late,65,1.61,96.5,Laurel 
302L,3,1.5,Late,67,1.64,101.6,Laurel 
302L,3,1.5,Late,61,1.42,104.1,Laurel 
302L,3,1.5,Late,69,1.81,104.1,Laurel 
302L,3,1.5,Late,69,1.58,106.7,Laurel 
302L,3,1.5,Late,69,1.91,106.7,Laurel 
302L,3,1.5,Late,69,2.23,106.7,Laurel 
302L,3,1.5,Late,67,1.66,109.2,Laurel 
302L,3,1.5,Late,61,2.1,109.2,Laurel 
302L,3,1.5,Late,69,2,111.8,Laurel 
302L,3,1.5,Late,67,1.74,114.3,Laurel 
302L,3,1.5,Late,61,1.74,114.3,Laurel 
302L,3,1.5,Late,67,2.54,114.3,Laurel 
302L,3,1.5,Late,65,2.74,114.3,Laurel 
302L,3,1.5,Late,69,1.11,116.8,Laurel 
302L,3,1.5,Late,67,1.15,116.8,Laurel 
302L,3,1.5,Late,69,1.87,116.8,Laurel 
302L,3,1.5,Late,69,2.21,116.8,Laurel 
302L,3,1.5,Late,69,2.5,116.8,Laurel 
302L,3,1.5,Late,69,1.76,119.4,Laurel 
302L,3,1.5,Late,67,1.88,119.4,Laurel 
302L,3,1.5,Late,69,2.1,119.4,Laurel 
302L,3,1.5,Late,67,2.15,119.4,Laurel 
302L,3,1.5,Late,61,2.33,121.9,Laurel 
302L,3,1.5,Late,67,2.42,121.9,Laurel 
302L,3,1.5,Late,67,2.79,121.9,Laurel 
302L,3,1.5,Late,65,1.89,124.5,Laurel 
302L,3,1.5,Late,67,2.03,127,Laurel 
302L,3,1.5,Late,67,2.25,127,Laurel 
302L,3,1.5,Late,67,2.53,127,Laurel 
302L,3,1.5,Late,67,2.2,129.5,Laurel 
302L,3,1.5,Late,69,1.83,132.1,Laurel 
302L,3,1.5,Late,69,2.44,132.1,Laurel 
302L,3,1.5,Late,67,2.69,132.1,Laurel 
302L,3,1.5,Late,65,2.84,134.6,Laurel 
302L,3,1.5,Late,67,2.96,139.7,Laurel 
302L,3,1.5,Late,69,2.42,144.8,Laurel 
302L,3,1.5,Late,67,2.43,144.8,Laurel 
302L,3,1.5,Late,69,3.63,144.8,Laurel 
302L,3,1.5,Late,67,3.66,144.8,Laurel 
302L,3,1.5,Late,65,4.05,149.9,Laurel 
302L,3,1.5,Late,69,3.27,154.9,Laurel 
302L,3,1.5,Late,69,3.37,154.9,Laurel 
303E,3,0,Early,41,na,12.7,Laurel 
303E,3,0,Early,47,0.3,15.2,Laurel 
303E,3,0,Early,41,0.4,15.2,Laurel 
303E,3,0,Early,41,1,17.8,Laurel 
303E,3,0,Early,43,1.2,17.8,Laurel 
303E,3,0,Early,43,0.6,19.1,Laurel 
303E,3,0,Early,43,1.1,19.1,Laurel 
303E,3,0,Early,43,1.1,19.1,Laurel 
303E,3,0,Early,51,1.1,20.3,Laurel 
303E,3,0,Early,41,1.7,22.9,Laurel 
303E,3,0,Early,49,1,25.4,Laurel 
303E,3,0,Early,47,1.2,25.4,Laurel 
303E,3,0,Early,41,2.1,25.4,Laurel 
303E,3,0,Early,41,2.4,25.4,Laurel 
303E,3,0,Early,43,2.3,26.7,Laurel 
303E,3,0,Early,45,1.2,27.9,Laurel 
303E,3,0,Early,45,1.2,27.9,Laurel 
303E,3,0,Early,49,1.3,27.9,Laurel 
303E,3,0,Early,43,1.3,27.9,Laurel 
303E,3,0,Early,41,1.3,27.9,Laurel 
303E,3,0,Early,41,1.4,27.9,Laurel 
303E,3,0,Early,49,1.5,27.9,Laurel 
303E,3,0,Early,51,1.2,30.5,Laurel 
303E,3,0,Early,47,1.4,30.5,Laurel 
303E,3,0,Early,43,1.5,30.5,Laurel 
303E,3,0,Early,45,1.7,30.5,Laurel 
303E,3,0,Early,49,1.2,33,Laurel 
303E,3,0,Early,47,1.3,33,Laurel 
303E,3,0,Early,45,1.6,33,Laurel 
303E,3,0,Early,49,1.7,33,Laurel 
303E,3,0,Early,49,1.7,33,Laurel 
303E,3,0,Early,43,1.9,33,Laurel 
303E,3,0,Early,49,1.2,35.6,Laurel 
303E,3,0,Early,49,1.2,35.6,Laurel 
303E,3,0,Early,43,1.7,35.6,Laurel 
303E,3,0,Early,49,1.8,35.6,Laurel 
303E,3,0,Early,39,1.9,35.6,Laurel 
303E,3,0,Early,47,1.4,38.1,Laurel 
303E,3,0,Early,49,1.5,38.1,Laurel 
303E,3,0,Early,43,1.6,38.1,Laurel 
303E,3,0,Early,47,1.6,38.1,Laurel 
303E,3,0,Early,49,1.7,38.1,Laurel 
303E,3,0,Early,47,1.7,38.1,Laurel 
303E,3,0,Early,47,1.7,38.1,Laurel 
303E,3,0,Early,55,1.8,38.1,Laurel 
303E,3,0,Early,49,2.1,39.4,Laurel 
303E,3,0,Early,45,1.7,40.6,Laurel 
303E,3,0,Early,51,1.7,40.6,Laurel 
303E,3,0,Early,43,1.9,40.6,Laurel 
303E,3,0,Early,47,1.9,40.6,Laurel 
303E,3,0,Early,49,2.6,40.6,Laurel 
303E,3,0,Early,47,1.6,41.9,Laurel 
303E,3,0,Early,51,2,43.2,Laurel 
303E,3,0,Early,47,2.1,43.2,Laurel 
303E,3,0,Early,45,2.3,43.2,Laurel 
303E,3,0,Early,49,2.4,43.2,Laurel 
303E,3,0,Early,49,2,44.5,Laurel 
303E,3,0,Early,49,1.4,47,Laurel 
303E,3,0,Early,49,1.2,48.3,Laurel 
303E,3,0,Early,49,1.4,48.3,Laurel 
303E,3,0,Early,55,1.7,48.3,Laurel 
303E,3,0,Early,49,1.7,48.3,Laurel 
303E,3,0,Early,57,2.7,48.3,Laurel 
303E,3,0,Early,49,2.1,49.5,Laurel 
303E,3,0,Early,49,1.5,50.8,Laurel 
303E,3,0,Early,53,1.7,50.8,Laurel 
303E,3,0,Early,57,1.7,50.8,Laurel 
303E,3,0,Early,49,1.9,50.8,Laurel 
303E,3,0,Early,57,3,50.8,Laurel 
303E,3,0,Early,57,1.5,53.3,Laurel 
303E,3,0,Early,55,2.1,53.3,Laurel 
303E,3,0,Early,47,2.6,53.3,Laurel 
303E,3,0,Early,55,2.7,53.3,Laurel 
303E,3,0,Early,59,2,55.9,Laurel 
303E,3,0,Early,47,2.1,55.9,Laurel 
303E,3,0,Early,51,2.2,55.9,Laurel 
303E,3,0,Early,45,2.4,55.9,Laurel 
303E,3,0,Early,53,2.3,58.4,Laurel 
303E,3,0,Early,55,2.5,58.4,Laurel 
303E,3,0,Early,55,2.5,63.5,Laurel 
303E,3,0,Early,49,3,63.5,Laurel 
303E,3,0,Early,47,3.6,63.5,Laurel 
303E,3,0,Early,51,2.8,64.8,Laurel 
303E,3,0,Early,53,3.5,71.1,Laurel 
303L,3,0,Late,na,0.86,12.7,cody
303L,3,0,Late,na,0.29,17.8,cody
303L,3,0,Late,69,0.47,25.4,cody
303L,3,0,Late,69,0.4,33,cody
303L,3,0,Late,69,0.51,34.3,cody
303L,3,0,Late,69,0.83,34.3,cody
303L,3,0,Late,69,0.85,35.6,cody
303L,3,0,Late,69,0.62,40.6,cody
303L,3,0,Late,69,0.76,40.6,cody
303L,3,0,Late,69,0.8,40.6,cody
303L,3,0,Late,69,0.76,43.2,cody
303L,3,0,Late,69,0.85,43.2,cody
303L,3,0,Late,69,0.88,43.2,cody
303L,3,0,Late,69,1.06,43.2,cody
303L,3,0,Late,69,0.63,44.5,cody
303L,3,0,Late,69,0.75,45.7,cody
303L,3,0,Late,69,0.7,47,cody
303L,3,0,Late,69,0.84,48.3,cody
303L,3,0,Late,69,0.93,48.3,cody
303L,3,0,Late,69,1.01,48.3,cody
303L,3,0,Late,69,1.04,48.3,cody
303L,3,0,Late,69,1.22,49.5,cody
303L,3,0,Late,69,1.49,49.5,cody
303L,3,0,Late,69,1.31,52.1,cody
303L,3,0,Late,69,0.52,53.3,cody
303L,3,0,Late,69,1.36,53.3,cody
303L,3,0,Late,69,0.81,55.9,cody
303L,3,0,Late,69,0.99,55.9,cody
303L,3,0,Late,69,1.33,55.9,cody
303L,3,0,Late,69,0.92,57.2,cody
303L,3,0,Late,69,0.92,57.2,cody
303L,3,0,Late,69,1.03,57.2,cody
303L,3,0,Late,69,1.2,57.2,cody
303L,3,0,Late,69,0.96,61,cody
303L,3,0,Late,69,1.25,62.2,cody
303L,3,0,Late,67,0.98,66,cody
303L,3,0,Late,69,1.6,68.6,cody
303L,3,0,Late,69,1.32,71.1,cody
303L,3,0,Late,69,1.44,73.7,cody
303L,3,0,Late,69,1.44,74.9,cody
303L,3,0,Late,69,1.55,76.2,cody
303L,3,0,Late,69,2.27,76.2,cody
303L,3,0,Late,69,1.74,77.5,cody
303L,3,0,Late,69,1.22,78.7,cody
303L,3,0,Late,69,1.4,78.7,cody
303L,3,0,Late,69,1.98,78.7,cody
303L,3,0,Late,67,1.76,80,cody
303L,3,0,Late,69,1.97,80,cody
303L,3,0,Late,69,1.56,82.6,cody
303L,3,0,Late,69,1.37,83.8,cody
303L,3,0,Late,69,1.39,83.8,cody
303L,3,0,Late,69,1.54,85.1,cody
303L,3,0,Late,69,1.41,86.4,cody
303L,3,0,Late,68,1.56,86.4,cody
303L,3,0,Late,69,1.76,86.4,cody
303L,3,0,Late,69,2.24,86.4,cody
303L,3,0,Late,69,1.49,88.9,cody
303L,3,0,Late,63,1.89,88.9,cody
303L,3,0,Late,69,2.18,91.4,cody
303L,3,0,Late,69,2.48,91.4,cody
303L,3,0,Late,68,1.89,92.7,cody
303L,3,0,Late,69,2.1,94,cody
303L,3,0,Late,69,1.86,96.5,cody
303L,3,0,Late,69,2.16,96.5,cody
303L,3,0,Late,68,1.67,97.8,cody
303L,3,0,Late,69,2.2,99.1,cody
303L,3,0,Late,69,2.96,101.6,cody
303L,3,0,Late,69,2.01,102.9,cody
303L,3,0,Late,69,3.52,102.9,cody
303L,3,0,Late,69,2.11,104.1,cody
303L,3,0,Late,69,2.28,106.7,cody
303L,3,0,Late,69,2.38,109.2,cody
303L,3,0,Late,67,2.11,111.8,cody
303L,3,0,Late,67,3.11,111.8,cody
303L,3,0,Late,69,3.02,115.6,cody
303L,3,0,Late,69,3.22,115.6,cody
303L,3,0,Late,69,2.42,116.8,cody
303L,3,0,Late,67,3.18,121.9,cody
303L,3,0,Late,67,3.44,121.9,cody
401E,4,0,Early,45,0.7,8.9,Laurel 
401E,4,0,Early,na,na,15.2,Laurel 
401E,4,0,Early,47,na,15.2,Laurel 
401E,4,0,Early,45,0.9,17.8,Laurel 
401E,4,0,Early,41,1,20.3,Laurel 
401E,4,0,Early,43,1.5,20.3,Laurel 
401E,4,0,Early,45,1.5,20.3,Laurel 
401E,4,0,Early,41,1.5,20.3,Laurel 
401E,4,0,Early,41,1.6,20.3,Laurel 
401E,4,0,Early,na,na,20.3,Laurel 
401E,4,0,Early,45,1.1,22.9,Laurel 
401E,4,0,Early,47,1.3,26.7,Laurel 
401E,4,0,Early,45,1.8,27.9,Laurel 
401E,4,0,Early,47,1.2,29.2,Laurel 
401E,4,0,Early,49,1.5,30.5,Laurel 
401E,4,0,Early,43,1.5,31.8,Laurel 
401E,4,0,Early,47,1.6,31.8,Laurel 
401E,4,0,Early,49,1.7,31.8,Laurel 
401E,4,0,Early,51,0.9,33,Laurel 
401E,4,0,Early,55,1,33,Laurel 
401E,4,0,Early,49,1.2,33,Laurel 
401E,4,0,Early,49,1.4,33,Laurel 
401E,4,0,Early,43,1.4,33,Laurel 
401E,4,0,Early,49,1.4,33,Laurel 
401E,4,0,Early,45,1.7,33,Laurel 
401E,4,0,Early,43,1.7,33,Laurel 
401E,4,0,Early,45,1.9,33,Laurel 
401E,4,0,Early,51,2.1,34.3,Laurel 
401E,4,0,Early,49,1.6,35.6,Laurel 
401E,4,0,Early,49,1.6,35.6,Laurel 
401E,4,0,Early,53,1.7,35.6,Laurel 
401E,4,0,Early,55,1.5,38.1,Laurel 
401E,4,0,Early,49,1.8,38.1,Laurel 
401E,4,0,Early,45,2.7,38.1,Laurel 
401E,4,0,Early,49,2,39.4,Laurel 
401E,4,0,Early,45,1.8,40.6,Laurel 
401E,4,0,Early,47,1.9,40.6,Laurel 
401E,4,0,Early,53,2.3,40.6,Laurel 
401E,4,0,Early,49,2.4,40.6,Laurel 
401E,4,0,Early,49,1.6,43.2,Laurel 
401E,4,0,Early,49,1.7,44.5,Laurel 
401E,4,0,Early,49,1.9,45.7,Laurel 
401E,4,0,Early,53,1.9,45.7,Laurel 
401E,4,0,Early,49,2.6,45.7,Laurel 
401E,4,0,Early,55,1.4,47,Laurel 
401E,4,0,Early,53,1.5,47,Laurel 
401E,4,0,Early,51,1.7,47,Laurel 
401E,4,0,Early,55,1.6,48.3,Laurel 
401E,4,0,Early,47,1.7,48.3,Laurel 
401E,4,0,Early,49,2.1,48.3,Laurel 
401E,4,0,Early,45,2.4,48.3,Laurel 
401E,4,0,Early,49,1.7,50.8,Laurel 
401E,4,0,Early,59,1.9,50.8,Laurel 
401E,4,0,Early,45,3,50.8,Laurel 
401E,4,0,Early,53,1.6,53.3,Laurel 
401E,4,0,Early,49,2.4,53.3,Laurel 
401E,4,0,Early,55,2.4,53.3,Laurel 
401E,4,0,Early,49,2.4,53.3,Laurel 
401E,4,0,Early,51,1.9,54.6,Laurel 
401E,4,0,Early,59,2,54.6,Laurel 
401E,4,0,Early,49,2.4,54.6,Laurel 
401E,4,0,Early,51,2.5,54.6,Laurel 
401E,4,0,Early,55,1.8,55.9,Laurel 
401E,4,0,Early,49,2,55.9,Laurel 
401E,4,0,Early,53,2.7,55.9,Laurel 
401E,4,0,Early,53,3,55.9,Laurel 
401E,4,0,Early,49,3.3,55.9,Laurel 
401E,4,0,Early,57,3,57.2,Laurel 
401E,4,0,Early,57,1.1,58.4,Laurel 
401E,4,0,Early,59,1.6,58.4,Laurel 
401E,4,0,Early,51,2.3,58.4,Laurel 
401E,4,0,Early,57,2.4,58.4,Laurel 
401E,4,0,Early,53,2.6,58.4,Laurel 
401E,4,0,Early,57,2.7,58.4,Laurel 
401E,4,0,Early,49,3,58.4,Laurel 
401E,4,0,Early,41,3.4,58.4,Laurel 
401E,4,0,Early,55,2.5,59.7,Laurel 
401E,4,0,Early,59,1.8,61,Laurel 
401E,4,0,Early,57,2.4,61,Laurel 
401E,4,0,Early,55,3.2,61,Laurel 
401E,4,0,Early,57,2.7,62.2,Laurel 
401E,4,0,Early,49,3.9,62.2,Laurel 
401E,4,0,Early,59,1.8,63.5,Laurel 
401E,4,0,Early,59,1.8,63.5,Laurel 
401E,4,0,Early,59,2.2,63.5,Laurel 
401E,4,0,Early,57,2.2,63.5,Laurel 
401E,4,0,Early,59,2.4,63.5,Laurel 
401E,4,0,Early,53,3.4,64.8,Laurel 
401E,4,0,Early,59,2.4,66,Laurel 
401E,4,0,Early,49,2.4,66,Laurel 
401E,4,0,Early,51,3.2,66,Laurel 
401E,4,0,Early,55,3.2,67.3,Laurel 
401E,4,0,Early,55,3.6,67.3,Laurel 
401E,4,0,Early,59,2.9,68.6,Laurel 
401E,4,0,Early,53,3.1,68.6,Laurel 
401E,4,0,Early,55,3.5,68.6,Laurel 
401E,4,0,Early,53,4.1,68.6,Laurel 
401E,4,0,Early,59,2.6,71.1,Laurel 
401E,4,0,Early,55,3,71.1,Laurel 
401E,4,0,Early,59,3,71.1,Laurel 
401E,4,0,Early,57,3,72.4,Laurel 
401E,4,0,Early,55,3.2,73.7,Laurel 
401E,4,0,Early,59,3,77.5,Laurel 
401E,4,0,Early,59,3.1,78.7,Laurel 
401E,4,0,Early,57,3.4,78.7,Laurel 
401L,4,0,Late,59,0.58,35.6,Laurel 
401L,4,0,Late,59,0.52,43.2,Laurel 
401L,4,0,Late,59,0.63,43.2,Laurel 
401L,4,0,Late,67,0.82,53.3,Laurel 
401L,4,0,Late,65,1.15,53.3,Laurel 
401L,4,0,Late,61,0.6,58.4,Laurel 
401L,4,0,Late,61,1.27,58.4,Laurel 
401L,4,0,Late,61,1.14,63.5,Laurel 
401L,4,0,Late,61,0.93,71.1,Laurel 
401L,4,0,Late,61,1.14,71.1,Laurel 
401L,4,0,Late,61,1.29,71.1,Laurel 
401L,4,0,Late,61,1.1,73.7,Laurel 
401L,4,0,Late,67,1.13,73.7,Laurel 
401L,4,0,Late,59,1.25,73.7,Laurel 
401L,4,0,Late,61,1.53,73.7,Laurel 
401L,4,0,Late,65,0.98,76.2,Laurel 
401L,4,0,Late,61,1.28,76.2,Laurel 
401L,4,0,Late,61,1.41,76.2,Laurel 
401L,4,0,Late,63,1.56,76.2,Laurel 
401L,4,0,Late,67,1.14,78.7,Laurel 
401L,4,0,Late,61,1.21,78.7,Laurel 
401L,4,0,Late,65,1.59,78.7,Laurel 
401L,4,0,Late,61,1.56,81.3,Laurel 
401L,4,0,Late,63,1.59,81.3,Laurel 
401L,4,0,Late,61,1.24,83.8,Laurel 
401L,4,0,Late,67,1.42,83.8,Laurel 
401L,4,0,Late,65,1.82,83.8,Laurel 
401L,4,0,Late,65,1.86,83.8,Laurel 
401L,4,0,Late,63,1.98,83.8,Laurel 
401L,4,0,Late,61,2.24,83.8,Laurel 
401L,4,0,Late,69,1.45,86.4,Laurel 
401L,4,0,Late,63,1.53,86.4,Laurel 
401L,4,0,Late,63,1.6,86.4,Laurel 
401L,4,0,Late,61,1.28,88.9,Laurel 
401L,4,0,Late,63,1.61,88.9,Laurel 
401L,4,0,Late,61,1.61,88.9,Laurel 
401L,4,0,Late,61,1.64,88.9,Laurel 
401L,4,0,Late,65,2.31,88.9,Laurel 
401L,4,0,Late,65,1.85,91.4,Laurel 
401L,4,0,Late,63,1.85,94,Laurel 
401L,4,0,Late,61,1.96,94,Laurel 
401L,4,0,Late,61,2.13,94,Laurel 
401L,4,0,Late,61,1.44,96.5,Laurel 
401L,4,0,Late,65,2.13,96.5,Laurel 
401L,4,0,Late,61,2.23,96.5,Laurel 
401L,4,0,Late,61,1.67,99.1,Laurel 
401L,4,0,Late,63,1.81,99.1,Laurel 
401L,4,0,Late,67,2.03,99.1,Laurel 
401L,4,0,Late,63,2.28,99.1,Laurel 
401L,4,0,Late,69,1.72,101.6,Laurel 
401L,4,0,Late,67,1.73,101.6,Laurel 
401L,4,0,Late,63,1.95,101.6,Laurel 
401L,4,0,Late,65,1.69,104.1,Laurel 
401L,4,0,Late,61,2.97,104.1,Laurel 
401L,4,0,Late,65,3.24,104.1,Laurel 
401L,4,0,Late,69,1.95,106.7,Laurel 
401L,4,0,Late,61,2.69,109.2,Laurel 
401L,4,0,Late,67,2.17,111.8,Laurel 
401L,4,0,Late,63,2.24,111.8,Laurel 
401L,4,0,Late,65,2.2,114.3,Laurel 
401L,4,0,Late,61,3.25,114.3,Laurel 
401L,4,0,Late,69,1.73,116.8,Laurel 
401L,4,0,Late,65,3.13,127,Laurel 
402E,4,3,Early,45,na,12.7,Laurel 
402E,4,3,Early,51,na,15.2,Laurel 
402E,4,3,Early,43,na,15.2,Laurel 
402E,4,3,Early,45,na,15.2,Laurel 
402E,4,3,Early,na,na,15.2,Laurel 
402E,4,3,Early,41,0.7,17.8,Laurel 
402E,4,3,Early,45,1.2,17.8,Laurel 
402E,4,3,Early,49,na,17.8,Laurel 
402E,4,3,Early,45,0.4,19.1,Laurel 
402E,4,3,Early,45,1,20.3,Laurel 
402E,4,3,Early,45,1.2,20.3,Laurel 
402E,4,3,Early,47,1.8,20.3,Laurel 
402E,4,3,Early,47,1,21.6,Laurel 
402E,4,3,Early,47,1,21.6,Laurel 
402E,4,3,Early,45,1.4,21.6,Laurel 
402E,4,3,Early,35,0.7,22.9,Laurel 
402E,4,3,Early,47,0.7,22.9,Laurel 
402E,4,3,Early,41,0.9,22.9,Laurel 
402E,4,3,Early,41,1.7,22.9,Laurel 
402E,4,3,Early,49,1.8,22.9,Laurel 
402E,4,3,Early,41,2.1,22.9,Laurel 
402E,4,3,Early,45,2.3,22.9,Laurel 
402E,4,3,Early,41,1.2,24.1,Laurel 
402E,4,3,Early,47,1.4,24.1,Laurel 
402E,4,3,Early,41,1.2,25.4,Laurel 
402E,4,3,Early,41,1.3,25.4,Laurel 
402E,4,3,Early,45,1.1,27.9,Laurel 
402E,4,3,Early,17,1.1,27.9,Laurel 
402E,4,3,Early,51,1.1,27.9,Laurel 
402E,4,3,Early,45,1.3,27.9,Laurel 
402E,4,3,Early,47,1.5,27.9,Laurel 
402E,4,3,Early,49,2,27.9,Laurel 
402E,4,3,Early,47,1.1,29.2,Laurel 
402E,4,3,Early,45,1.7,29.2,Laurel 
402E,4,3,Early,45,1.6,30.5,Laurel 
402E,4,3,Early,45,1.7,30.5,Laurel 
402E,4,3,Early,41,2.1,31.8,Laurel 
402E,4,3,Early,45,1,33,Laurel 
402E,4,3,Early,49,1.3,33,Laurel 
402E,4,3,Early,45,1.5,33,Laurel 
402E,4,3,Early,47,1.8,33,Laurel 
402E,4,3,Early,49,1.8,34.3,Laurel 
402E,4,3,Early,47,1.4,35.6,Laurel 
402E,4,3,Early,45,1.7,35.6,Laurel 
402E,4,3,Early,47,2,35.6,Laurel 
402E,4,3,Early,47,2.5,35.6,Laurel 
402E,4,3,Early,47,2,36.8,Laurel 
402E,4,3,Early,49,2.5,36.8,Laurel 
402E,4,3,Early,47,1.3,38.1,Laurel 
402E,4,3,Early,47,1.4,38.1,Laurel 
402E,4,3,Early,47,1.7,38.1,Laurel 
402E,4,3,Early,49,1.8,38.1,Laurel 
402E,4,3,Early,49,2.4,38.1,Laurel 
402E,4,3,Early,51,1.4,39.4,Laurel 
402E,4,3,Early,47,1.4,39.4,Laurel 
402E,4,3,Early,49,1.5,39.4,Laurel 
402E,4,3,Early,49,1.8,40.6,Laurel 
402E,4,3,Early,49,1.8,40.6,Laurel 
402E,4,3,Early,47,2,40.6,Laurel 
402E,4,3,Early,43,2.5,40.6,Laurel 
402E,4,3,Early,55,1.3,43.2,Laurel 
402E,4,3,Early,47,1.6,43.2,Laurel 
402E,4,3,Early,45,2.2,43.2,Laurel 
402E,4,3,Early,43,2.2,43.2,Laurel 
402E,4,3,Early,49,2.2,43.2,Laurel 
402E,4,3,Early,47,2.5,43.2,Laurel 
402E,4,3,Early,51,2.5,43.2,Laurel 
402E,4,3,Early,49,1.5,44.5,Laurel 
402E,4,3,Early,55,1.6,44.5,Laurel 
402E,4,3,Early,53,2.1,44.5,Laurel 
402E,4,3,Early,47,2.4,44.5,Laurel 
402E,4,3,Early,45,1.9,45.7,Laurel 
402E,4,3,Early,47,2.3,45.7,Laurel 
402E,4,3,Early,49,2.4,45.7,Laurel 
402E,4,3,Early,47,2.4,45.7,Laurel 
402E,4,3,Early,53,2.4,45.7,Laurel 
402E,4,3,Early,47,2.5,47,Laurel 
402E,4,3,Early,53,2.6,48.3,Laurel 
402E,4,3,Early,49,3.6,48.3,Laurel 
402E,4,3,Early,53,2.5,50.8,Laurel 
402E,4,3,Early,49,2.3,53.3,Laurel 
402E,4,3,Early,57,3,53.3,Laurel 
402E,4,3,Early,49,2.7,54.6,Laurel 
402E,4,3,Early,45,3,54.6,Laurel 
402E,4,3,Early,55,2.4,55.9,Laurel 
402E,4,3,Early,53,2.7,55.9,Laurel 
402E,4,3,Early,49,3,58.4,Laurel 
402E,4,3,Early,53,2.5,63.5,Laurel 
402E,4,3,Early,49,3.5,68.6,Laurel 
402L,4,3,Late,59,0.29,35.6,Laurel 
402L,4,3,Late,59,0.42,38.1,Laurel 
402L,4,3,Late,69,0.5,58.4,Laurel 
402L,4,3,Late,59,0.76,66,Laurel 
402L,4,3,Late,63,1.22,66,Laurel 
402L,4,3,Late,63,0.9,68.6,Laurel 
402L,4,3,Late,65,0.83,71.1,Laurel 
402L,4,3,Late,63,0.78,73.7,Laurel 
402L,4,3,Late,69,1.11,73.7,Laurel 
402L,4,3,Late,63,1.24,73.7,Laurel 
402L,4,3,Late,69,1.83,73.7,Laurel 
402L,4,3,Late,67,1.2,76.2,Laurel 
402L,4,3,Late,65,1.1,78.7,Laurel 
402L,4,3,Late,63,1.11,81.3,Laurel 
402L,4,3,Late,65,1.29,81.3,Laurel 
402L,4,3,Late,69,1.21,83.8,Laurel 
402L,4,3,Late,65,1.74,83.8,Laurel 
402L,4,3,Late,65,1.35,86.4,Laurel 
402L,4,3,Late,61,1.54,86.4,Laurel 
402L,4,3,Late,69,1.78,91.4,Laurel 
402L,4,3,Late,65,1.42,94,Laurel 
402L,4,3,Late,65,3.26,94,Laurel 
402L,4,3,Late,69,1.04,96.5,Laurel 
402L,4,3,Late,59,1.12,96.5,Laurel 
402L,4,3,Late,67,1.43,96.5,Laurel 
402L,4,3,Late,61,1.18,99.1,Laurel 
402L,4,3,Late,69,1.57,99.1,Laurel 
402L,4,3,Late,67,1.25,101.6,Laurel 
402L,4,3,Late,63,1.71,101.6,Laurel 
402L,4,3,Late,67,1.39,104.1,Laurel 
402L,4,3,Late,69,1.62,104.1,Laurel 
402L,4,3,Late,67,1.71,104.1,Laurel 
402L,4,3,Late,65,1.86,104.1,Laurel 
402L,4,3,Late,69,1.39,106.7,Laurel 
402L,4,3,Late,65,1.52,106.7,Laurel 
402L,4,3,Late,67,1.52,106.7,Laurel 
402L,4,3,Late,69,1.81,106.7,Laurel 
402L,4,3,Late,69,1.73,109.2,Laurel 
402L,4,3,Late,65,2.09,109.2,Laurel 
402L,4,3,Late,69,1.38,111.8,Laurel 
402L,4,3,Late,69,1.67,111.8,Laurel 
402L,4,3,Late,67,1.6,114.3,Laurel 
402L,4,3,Late,69,1.75,114.3,Laurel 
402L,4,3,Late,67,1.96,114.3,Laurel 
402L,4,3,Late,65,2.02,114.3,Laurel 
402L,4,3,Late,65,2.3,114.3,Laurel 
402L,4,3,Late,69,2.44,114.3,Laurel 
402L,4,3,Late,69,1.74,116.8,Laurel 
402L,4,3,Late,69,2.09,116.8,Laurel 
402L,4,3,Late,67,1.65,119.4,Laurel 
402L,4,3,Late,69,2.12,119.4,Laurel 
402L,4,3,Late,67,1.57,121.9,Laurel 
402L,4,3,Late,69,2.54,121.9,Laurel 
402L,4,3,Late,67,2.54,124.5,Laurel 
402L,4,3,Late,67,1.78,127,Laurel 
402L,4,3,Late,69,1.99,127,Laurel 
402L,4,3,Late,67,2.05,127,Laurel 
402L,4,3,Late,69,1.97,129.5,Laurel 
402L,4,3,Late,67,2.25,129.5,Laurel 
402L,4,3,Late,69,2.63,129.5,Laurel 
402L,4,3,Late,67,2.91,129.5,Laurel 
402L,4,3,Late,69,2.33,132.1,Laurel 
402L,4,3,Late,69,2.78,132.1,Laurel 
402L,4,3,Late,69,2.17,134.6,Laurel 
402L,4,3,Late,69,2.37,134.6,Laurel 
402L,4,3,Late,69,2.67,134.6,Laurel 
402L,4,3,Late,67,2.79,134.6,Laurel 
402L,4,3,Late,69,3.16,134.6,Laurel 
402L,4,3,Late,67,2.12,137.2,Laurel 
402L,4,3,Late,67,2.84,139.7,Laurel 
402L,4,3,Late,69,2.94,139.7,Laurel 
402L,4,3,Late,69,2.91,144.8,Laurel 
402L,4,3,Late,69,3.05,144.8,Laurel 
402L,4,3,Late,67,3.13,144.8,Laurel 
402L,4,3,Late,67,3.28,144.8,Laurel 
402L,4,3,Late,69,3.33,144.8,Laurel 
402L,4,3,Late,67,2.77,147.3,Laurel 
402L,4,3,Late,67,3.86,149.9,Laurel 
402L,4,3,Late,69,2.96,152.4,Laurel 
402L,4,3,Late,67,3.24,152.4,Laurel 
402L,4,3,Late,69,3.28,152.4,Laurel 
402L,4,3,Late,69,4.12,154.9,Laurel 
402L,4,3,Late,69,4.07,157.5,Laurel 
402L,4,3,Late,67,3.16,160,Laurel 
403E,4,1.5,Early,na,0.8,17.8,Laurel 
403E,4,1.5,Early,45,0.7,22.9,Laurel 
403E,4,1.5,Early,45,1,24.1,Laurel 
403E,4,1.5,Early,49,1.3,27.9,Laurel 
403E,4,1.5,Early,49,1.1,30.5,Laurel 
403E,4,1.5,Early,53,1.4,36.8,Laurel 
403E,4,1.5,Early,51,1.1,38.1,Laurel 
403E,4,1.5,Early,53,1.2,38.1,Laurel 
403E,4,1.5,Early,55,1.2,38.1,Laurel 
403E,4,1.5,Early,51,1.4,38.1,Laurel 
403E,4,1.5,Early,49,1.4,40.6,Laurel 
403E,4,1.5,Early,49,1.7,40.6,Laurel 
403E,4,1.5,Early,49,1.8,40.6,Laurel 
403E,4,1.5,Early,49,1.9,40.6,Laurel 
403E,4,1.5,Early,51,2,44.5,Laurel 
403E,4,1.5,Early,na,1.6,45.7,Laurel 
403E,4,1.5,Early,49,1.9,45.7,Laurel 
403E,4,1.5,Early,55,2,45.7,Laurel 
403E,4,1.5,Early,49,1.6,47,Laurel 
403E,4,1.5,Early,53,1,48.3,Laurel 
403E,4,1.5,Early,49,2.1,48.3,Laurel 
403E,4,1.5,Early,49,2.1,50.8,Laurel 
403E,4,1.5,Early,49,2.1,50.8,Laurel 
403E,4,1.5,Early,na,2.4,50.8,Laurel 
403E,4,1.5,Early,51,2.4,53.3,Laurel 
403E,4,1.5,Early,51,2.4,55.9,Laurel 
403E,4,1.5,Early,59,1.1,57.2,Laurel 
403E,4,1.5,Early,49,1.9,57.2,Laurel 
403E,4,1.5,Early,51,2.4,57.2,Laurel 
403E,4,1.5,Early,59,2.1,58.4,Laurel 
403E,4,1.5,Early,59,2.4,59.7,Laurel 
403E,4,1.5,Early,47,1.6,61,Laurel 
403E,4,1.5,Early,53,2.4,61,Laurel 
403E,4,1.5,Early,59,2.4,62.2,Laurel 
403E,4,1.5,Early,53,2.4,63.5,Laurel 
403E,4,1.5,Early,51,2.6,63.5,Laurel 
403E,4,1.5,Early,53,2.6,64.8,Laurel 
403E,4,1.5,Early,59,2.6,66,Laurel 
403E,4,1.5,Early,57,2.6,66,Laurel 
403E,4,1.5,Early,59,2.8,66,Laurel 
403E,4,1.5,Early,57,2.8,68.6,Laurel 
403E,4,1.5,Early,53,3.5,68.6,Laurel 
403E,4,1.5,Early,57,2.5,71.1,Laurel 
403E,4,1.5,Early,na,2.8,71.1,Laurel 
403E,4,1.5,Early,55,3,71.1,Laurel 
403E,4,1.5,Early,57,3,71.1,Laurel 
403E,4,1.5,Early,57,3.6,71.1,Laurel 
403E,4,1.5,Early,53,3,72.4,Laurel 
403E,4,1.5,Early,57,3.2,72.4,Laurel 
403E,4,1.5,Early,57,3.3,72.4,Laurel 
403E,4,1.5,Early,59,2.6,73.7,Laurel 
403E,4,1.5,Early,57,2.6,73.7,Laurel 
403E,4,1.5,Early,55,2.7,73.7,Laurel 
403E,4,1.5,Early,55,3,73.7,Laurel 
403E,4,1.5,Early,55,3.3,74.9,Laurel 
403E,4,1.5,Early,53,2.5,76.2,Laurel 
403E,4,1.5,Early,57,3.4,77.5,Laurel 
403E,4,1.5,Early,57,3.4,78.7,Laurel 
403E,4,1.5,Early,55,3.4,78.7,Laurel 
403E,4,1.5,Early,53,3.6,80,Laurel 
403E,4,1.5,Early,59,2.7,81.3,Laurel 
403E,4,1.5,Early,57,2.8,81.3,Laurel 
403E,4,1.5,Early,55,3.1,81.3,Laurel 
403E,4,1.5,Early,59,2.9,82.6,Laurel 
403E,4,1.5,Early,59,3,83.8,Laurel 
403E,4,1.5,Early,57,3.2,83.8,Laurel 
403E,4,1.5,Early,55,3.4,83.8,Laurel 
403E,4,1.5,Early,59,3.6,83.8,Laurel 
403E,4,1.5,Early,55,3.3,85.1,Laurel 
403E,4,1.5,Early,55,3.9,85.1,Laurel 
403E,4,1.5,Early,55,4.1,86.4,Laurel 
403E,4,1.5,Early,55,3.4,88.9,Laurel 
403E,4,1.5,Early,59,3.4,96.5,Laurel 
403L,4,1.5,Late,61,0.58,25.4,Laurel 
403L,4,1.5,Late,61,0.75,38.1,Laurel 
403L,4,1.5,Late,61,0.53,40.6,Laurel 
403L,4,1.5,Late,65,0.56,48.3,Laurel 
403L,4,1.5,Late,61,0.41,50.8,Laurel 
403L,4,1.5,Late,61,0.97,50.8,Laurel 
403L,4,1.5,Late,63,0.44,55.9,Laurel 
403L,4,1.5,Late,61,0.95,55.9,Laurel 
403L,4,1.5,Late,65,0.54,58.4,Laurel 
403L,4,1.5,Late,67,0.83,58.4,Laurel 
403L,4,1.5,Late,61,0.72,63.5,Laurel 
403L,4,1.5,Late,63,0.91,66,Laurel 
403L,4,1.5,Late,67,1.02,66,Laurel 
403L,4,1.5,Late,69,1.24,66,Laurel 
403L,4,1.5,Late,65,1.29,66,Laurel 
403L,4,1.5,Late,63,0.92,68.6,Laurel 
403L,4,1.5,Late,69,0.58,71.1,Laurel 
403L,4,1.5,Late,65,0.82,71.1,Laurel 
403L,4,1.5,Late,61,1.06,71.1,Laurel 
403L,4,1.5,Late,65,1.14,73.7,Laurel 
403L,4,1.5,Late,69,0.72,76.2,Laurel 
403L,4,1.5,Late,61,1.13,76.2,Laurel 
403L,4,1.5,Late,67,1.55,76.2,Laurel 
403L,4,1.5,Late,63,1.15,78.7,Laurel 
403L,4,1.5,Late,63,1.33,78.7,Laurel 
403L,4,1.5,Late,65,1.49,78.7,Laurel 
403L,4,1.5,Late,61,0.91,81.3,Laurel 
403L,4,1.5,Late,69,0.94,81.3,Laurel 
403L,4,1.5,Late,65,1.1,83.8,Laurel 
403L,4,1.5,Late,65,1.29,83.8,Laurel 
403L,4,1.5,Late,67,1,88.9,Laurel 
403L,4,1.5,Late,69,1.34,88.9,Laurel 
403L,4,1.5,Late,63,1.38,88.9,Laurel 
403L,4,1.5,Late,67,1.39,88.9,Laurel 
403L,4,1.5,Late,65,1.59,88.9,Laurel 
403L,4,1.5,Late,67,1.76,88.9,Laurel 
403L,4,1.5,Late,65,1.18,91.4,Laurel 
403L,4,1.5,Late,61,1.25,91.4,Laurel 
403L,4,1.5,Late,65,1.27,91.4,Laurel 
403L,4,1.5,Late,67,1.39,91.4,Laurel 
403L,4,1.5,Late,65,1.4,91.4,Laurel 
403L,4,1.5,Late,65,1.41,91.4,Laurel 
403L,4,1.5,Late,69,1.48,91.4,Laurel 
403L,4,1.5,Late,69,1.46,94,Laurel 
403L,4,1.5,Late,65,1.49,94,Laurel 
403L,4,1.5,Late,61,1.53,94,Laurel 
403L,4,1.5,Late,69,1.63,94,Laurel 
403L,4,1.5,Late,65,1.96,94,Laurel 
403L,4,1.5,Late,65,1.58,96.5,Laurel 
403L,4,1.5,Late,65,1.76,96.5,Laurel 
403L,4,1.5,Late,69,1.88,96.5,Laurel 
403L,4,1.5,Late,65,2.15,96.5,Laurel 
403L,4,1.5,Late,65,1.34,99.1,Laurel 
403L,4,1.5,Late,67,1.39,99.1,Laurel 
403L,4,1.5,Late,67,1.63,99.1,Laurel 
403L,4,1.5,Late,69,1.71,99.1,Laurel 
403L,4,1.5,Late,69,1.72,99.1,Laurel 
403L,4,1.5,Late,67,1.84,99.1,Laurel 
403L,4,1.5,Late,67,1.15,101.6,Laurel 
403L,4,1.5,Late,65,1.34,101.6,Laurel 
403L,4,1.5,Late,69,1.73,101.6,Laurel 
403L,4,1.5,Late,65,1.95,101.6,Laurel 
403L,4,1.5,Late,67,2.11,101.6,Laurel 
403L,4,1.5,Late,65,1.61,104.1,Laurel 
403L,4,1.5,Late,67,1.76,104.1,Laurel 
403L,4,1.5,Late,67,1.79,104.1,Laurel 
403L,4,1.5,Late,65,2.33,104.1,Laurel 
403L,4,1.5,Late,65,1.8,106.7,Laurel 
403L,4,1.5,Late,65,1.88,106.7,Laurel 
403L,4,1.5,Late,65,1.89,106.7,Laurel 
403L,4,1.5,Late,69,1.99,106.7,Laurel 
403L,4,1.5,Late,65,2.05,106.7,Laurel 
403L,4,1.5,Late,67,2.44,106.7,Laurel 
403L,4,1.5,Late,65,1.88,109.2,Laurel 
403L,4,1.5,Late,69,2.06,109.2,Laurel 
403L,4,1.5,Late,65,2.19,109.2,Laurel 
403L,4,1.5,Late,65,2.22,109.2,Laurel 
403L,4,1.5,Late,65,2.4,109.2,Laurel 
403L,4,1.5,Late,61,2.42,109.2,Laurel 
403L,4,1.5,Late,67,1.73,111.8,Laurel 
403L,4,1.5,Late,61,1.86,111.8,Laurel 
403L,4,1.5,Late,65,1.87,114.3,Laurel 
403L,4,1.5,Late,67,2.36,114.3,Laurel 
403L,4,1.5,Late,69,3.27,114.3,Laurel 
403L,4,1.5,Late,67,1.88,116.8,Laurel 
403L,4,1.5,Late,65,2.16,116.8,Laurel 
403L,4,1.5,Late,67,2.26,116.8,Laurel 
403L,4,1.5,Late,65,2.22,121.9,Laurel 
403L,4,1.5,Late,65,2.33,121.9,Laurel 
403L,4,1.5,Late,67,2.87,121.9,Laurel 
403L,4,1.5,Late,69,3.11,121.9,Laurel 
403L,4,1.5,Late,67,3.22,121.9,Laurel 
403L,4,1.5,Late,67,1.8,124.5,Laurel 
403L,4,1.5,Late,65,2.8,124.5,Laurel 
403L,4,1.5,Late,65,2.6,127,Laurel 
403L,4,1.5,Late,67,2.58,129.5,Laurel 
403L,4,1.5,Late,65,2.6,129.5,Laurel 
403L,4,1.5,Late,67,2.83,129.5,Laurel 
403L,4,1.5,Late,69,3.18,129.5,Laurel 
403L,4,1.5,Late,67,2.53,134.6,Laurel 
403L,4,1.5,Late,67,3.59,134.6,Laurel 
403L,4,1.5,Late,67,3.74,134.6,Laurel 
403L,4,1.5,Late,65,2.9,139.7,Laurel 
403L,4,1.5,Late,67,2.65,142.2,Laurel 
403L,4,1.5,Late,69,3.33,144.8,Laurel 
501E,5,3,Early,59,3,0.9,Laurel 
501E,5,3,Early,45,1.7,39.4,Laurel 
501E,5,3,Early,51,1,40.6,Laurel 
501E,5,3,Early,51,1.7,48.3,Laurel 
501E,5,3,Early,55,1.8,54.6,Laurel 
501E,5,3,Early,59,2.4,57.2,Laurel 
501E,5,3,Early,51,1.8,58.4,Laurel 
501E,5,3,Early,59,2.3,58.4,Laurel 
501E,5,3,Early,59,2.2,61,Laurel 
501E,5,3,Early,59,1.5,63.5,Laurel 
501E,5,3,Early,59,1.6,63.5,Laurel 
501E,5,3,Early,59,2.3,63.5,Laurel 
501E,5,3,Early,59,2.4,63.5,Laurel 
501E,5,3,Early,55,2.4,66,Laurel 
501E,5,3,Early,49,2.6,66,Laurel 
501E,5,3,Early,59,2,68.6,Laurel 
501E,5,3,Early,59,2.5,68.6,Laurel 
501E,5,3,Early,55,2.7,69.9,Laurel 
501E,5,3,Early,59,1.5,71.1,Laurel 
501E,5,3,Early,59,1.9,71.1,Laurel 
501E,5,3,Early,57,2,71.1,Laurel 
501E,5,3,Early,na,2.7,72.4,Laurel 
501E,5,3,Early,59,1.9,73.7,Laurel 
501E,5,3,Early,59,2.3,73.7,Laurel 
501E,5,3,Early,57,3,73.7,Laurel 
501E,5,3,Early,59,3,73.7,Laurel 
501E,5,3,Early,59,3.2,73.7,Laurel 
501E,5,3,Early,57,2.4,74.9,Laurel 
501E,5,3,Early,59,2.1,76.2,Laurel 
501E,5,3,Early,55,2.4,76.2,Laurel 
501E,5,3,Early,59,2.6,76.2,Laurel 
501E,5,3,Early,59,3.1,76.2,Laurel 
501E,5,3,Early,53,3.6,76.2,Laurel 
501E,5,3,Early,55,4,76.2,Laurel 
501E,5,3,Early,57,3.5,77.5,Laurel 
501E,5,3,Early,59,2.3,78.7,Laurel 
501E,5,3,Early,57,3.2,78.7,Laurel 
501E,5,3,Early,59,2.7,80,Laurel 
501E,5,3,Early,57,2.7,81.3,Laurel 
501E,5,3,Early,59,3.2,81.3,Laurel 
501E,5,3,Early,49,4.2,81.3,Laurel 
501E,5,3,Early,59,2.5,82.6,Laurel 
501E,5,3,Early,59,3.3,82.6,Laurel 
501E,5,3,Early,53,2.6,83.8,Laurel 
501E,5,3,Early,59,2.6,83.8,Laurel 
501E,5,3,Early,57,3.3,83.8,Laurel 
501E,5,3,Early,55,3.6,83.8,Laurel 
501E,5,3,Early,55,3.6,83.8,Laurel 
501E,5,3,Early,57,2.4,85.1,Laurel 
501E,5,3,Early,55,2.1,86.4,Laurel 
501E,5,3,Early,59,3,86.4,Laurel 
501E,5,3,Early,na,3,86.4,Laurel 
501E,5,3,Early,55,3.9,86.4,Laurel 
501E,5,3,Early,55,4.2,86.4,Laurel 
501E,5,3,Early,57,3,87.6,Laurel 
501E,5,3,Early,55,3.1,87.6,Laurel 
501E,5,3,Early,59,3.1,87.6,Laurel 
501E,5,3,Early,59,3.4,87.6,Laurel 
501E,5,3,Early,51,2.8,88.9,Laurel 
501E,5,3,Early,53,3.7,88.9,Laurel 
501E,5,3,Early,57,3.7,88.9,Laurel 
501E,5,3,Early,59,3,90.2,Laurel 
501E,5,3,Early,55,3,91.4,Laurel 
501E,5,3,Early,59,3.3,91.4,Laurel 
501E,5,3,Early,57,3.6,91.4,Laurel 
501E,5,3,Early,na,4.3,91.4,Laurel 
501E,5,3,Early,59,2.3,92.7,Laurel 
501E,5,3,Early,59,3.2,92.7,Laurel 
501E,5,3,Early,59,3.3,92.7,Laurel 
501E,5,3,Early,57,4.4,92.7,Laurel 
501E,5,3,Early,59,3,94,Laurel 
501E,5,3,Early,59,3.2,94,Laurel 
501E,5,3,Early,57,3,95.3,Laurel 
501E,5,3,Early,59,3.7,95.3,Laurel 
501E,5,3,Early,57,3.8,95.3,Laurel 
501E,5,3,Early,59,3.2,96.5,Laurel 
501E,5,3,Early,59,3.7,96.5,Laurel 
501E,5,3,Early,57,3.2,97.8,Laurel 
501E,5,3,Early,59,3.8,99.1,Laurel 
501E,5,3,Early,57,3.9,99.1,Laurel 
501E,5,3,Early,59,3.9,99.1,Laurel 
501E,5,3,Early,59,4.2,101.6,Laurel 
501E,5,3,Early,59,3.8,102.9,Laurel 
501E,5,3,Early,59,3.8,102.9,Laurel 
501E,5,3,Early,59,3.3,104.1,Laurel 
501E,5,3,Early,57,4.2,104.1,Laurel 
501L,5,3,Late,65,0.63,33,Laurel 
501L,5,3,Late,25,0.74,33,Laurel 
501L,5,3,Late,47,1.69,38.1,Laurel 
501L,5,3,Late,41,1.51,48.3,Laurel 
501L,5,3,Late,59,0.81,50.8,Laurel 
501L,5,3,Late,69,0.54,71.1,Laurel 
501L,5,3,Late,69,1.17,73.7,Laurel 
501L,5,3,Late,61,1.46,73.7,Laurel 
501L,5,3,Late,69,0.85,76.2,Laurel 
501L,5,3,Late,65,1.15,81.3,Laurel 
501L,5,3,Late,69,1.19,81.3,Laurel 
501L,5,3,Late,61,1.06,83.8,Laurel 
501L,5,3,Late,61,1.68,86.4,Laurel 
501L,5,3,Late,39,2.56,86.4,Laurel 
501L,5,3,Late,69,0.97,88.9,Laurel 
501L,5,3,Late,69,1.82,88.9,Laurel 
501L,5,3,Late,69,2.55,88.9,Laurel 
501L,5,3,Late,69,0.78,91.4,Laurel 
501L,5,3,Late,69,0.83,91.4,Laurel 
501L,5,3,Late,69,1.18,91.4,Laurel 
501L,5,3,Late,67,2.02,94,Laurel 
501L,5,3,Late,61,1.13,96.5,Laurel 
501L,5,3,Late,61,0.66,99.1,Laurel 
501L,5,3,Late,69,1.02,99.1,Laurel 
501L,5,3,Late,69,1.22,99.1,Laurel 
501L,5,3,Late,69,1.41,99.1,Laurel 
501L,5,3,Late,69,1.47,99.1,Laurel 
501L,5,3,Late,69,1.53,99.1,Laurel 
501L,5,3,Late,69,1.86,99.1,Laurel 
501L,5,3,Late,69,1.21,101.6,Laurel 
501L,5,3,Late,65,1.25,101.6,Laurel 
501L,5,3,Late,69,1.46,101.6,Laurel 
501L,5,3,Late,63,1.61,101.6,Laurel 
501L,5,3,Late,65,1.8,101.6,Laurel 
501L,5,3,Late,69,1.96,101.6,Laurel 
501L,5,3,Late,67,1.85,104.1,Laurel 
501L,5,3,Late,69,1.19,106.7,Laurel 
501L,5,3,Late,63,1.44,106.7,Laurel 
501L,5,3,Late,69,1.51,109.2,Laurel 
501L,5,3,Late,69,1.51,109.2,Laurel 
501L,5,3,Late,69,1.73,109.2,Laurel 
501L,5,3,Late,65,1.86,109.2,Laurel 
501L,5,3,Late,69,1.54,111.8,Laurel 
501L,5,3,Late,69,1.79,111.8,Laurel 
501L,5,3,Late,69,2.31,111.8,Laurel 
501L,5,3,Late,69,2.5,111.8,Laurel 
501L,5,3,Late,69,1.48,114.3,Laurel 
501L,5,3,Late,69,2.17,114.3,Laurel 
501L,5,3,Late,63,2.29,114.3,Laurel 
501L,5,3,Late,69,2.46,114.3,Laurel 
501L,5,3,Late,67,3.78,114.3,Laurel 
501L,5,3,Late,69,1.46,116.8,Laurel 
501L,5,3,Late,67,1.52,116.8,Laurel 
501L,5,3,Late,69,1.83,116.8,Laurel 
501L,5,3,Late,69,1.99,116.8,Laurel 
501L,5,3,Late,67,2.09,116.8,Laurel 
501L,5,3,Late,69,2.35,116.8,Laurel 
501L,5,3,Late,69,2.39,116.8,Laurel 
501L,5,3,Late,69,1.72,119.4,Laurel 
501L,5,3,Late,69,1.73,119.4,Laurel 
501L,5,3,Late,69,1.75,119.4,Laurel 
501L,5,3,Late,67,2.15,119.4,Laurel 
501L,5,3,Late,69,1.29,121.9,Laurel 
501L,5,3,Late,69,1.84,121.9,Laurel 
501L,5,3,Late,67,1.95,121.9,Laurel 
501L,5,3,Late,69,2.38,121.9,Laurel 
501L,5,3,Late,69,2.51,121.9,Laurel 
501L,5,3,Late,69,2.75,121.9,Laurel 
501L,5,3,Late,69,1.74,124.5,Laurel 
501L,5,3,Late,69,1.8,124.5,Laurel 
501L,5,3,Late,69,1.89,124.5,Laurel 
501L,5,3,Late,69,1.94,124.5,Laurel 
501L,5,3,Late,69,2.15,124.5,Laurel 
501L,5,3,Late,69,2.21,124.5,Laurel 
501L,5,3,Late,67,2.21,124.5,Laurel 
501L,5,3,Late,69,2.26,124.5,Laurel 
501L,5,3,Late,69,2.33,124.5,Laurel 
501L,5,3,Late,69,3.12,124.5,Laurel 
501L,5,3,Late,67,2.08,127,Laurel 
501L,5,3,Late,69,2.12,127,Laurel 
501L,5,3,Late,69,2.19,127,Laurel 
501L,5,3,Late,69,2.44,127,Laurel 
501L,5,3,Late,69,2.45,127,Laurel 
501L,5,3,Late,69,2.59,127,Laurel 
501L,5,3,Late,69,2.63,127,Laurel 
501L,5,3,Late,69,3.84,127,Laurel 
501L,5,3,Late,69,1.57,129.5,Laurel 
501L,5,3,Late,69,1.88,129.5,Laurel 
501L,5,3,Late,69,2.3,129.5,Laurel 
501L,5,3,Late,69,2.77,129.5,Laurel 
501L,5,3,Late,69,2.85,129.5,Laurel 
501L,5,3,Late,69,1.72,132.1,Laurel 
501L,5,3,Late,69,1.83,132.1,Laurel 
501L,5,3,Late,69,2.1,132.1,Laurel 
501L,5,3,Late,71,2.16,132.1,Laurel 
501L,5,3,Late,67,2.62,132.1,Laurel 
501L,5,3,Late,67,2.76,132.1,Laurel 
501L,5,3,Late,67,2.78,132.1,Laurel 
501L,5,3,Late,69,2.04,134.6,Laurel 
501L,5,3,Late,69,2.15,134.6,Laurel 
501L,5,3,Late,69,2.22,134.6,Laurel 
501L,5,3,Late,69,2.62,134.6,Laurel 
501L,5,3,Late,69,2.93,134.6,Laurel 
501L,5,3,Late,69,3.09,134.6,Laurel 
501L,5,3,Late,69,1.98,137.2,Laurel 
501L,5,3,Late,69,2.4,137.2,Laurel 
501L,5,3,Late,69,2.56,137.2,Laurel 
501L,5,3,Late,67,2.58,137.2,Laurel 
501L,5,3,Late,69,2.71,137.2,Laurel 
501L,5,3,Late,69,2.05,139.7,Laurel 
501L,5,3,Late,69,2.13,139.7,Laurel 
501L,5,3,Late,69,2.17,139.7,Laurel 
501L,5,3,Late,69,2.34,139.7,Laurel 
501L,5,3,Late,69,2.53,139.7,Laurel 
501L,5,3,Late,69,2.68,139.7,Laurel 
501L,5,3,Late,67,2.77,139.7,Laurel 
501L,5,3,Late,69,2.88,139.7,Laurel 
501L,5,3,Late,69,2.97,139.7,Laurel 
501L,5,3,Late,67,3.05,139.7,Laurel 
501L,5,3,Late,69,3.07,139.7,Laurel 
501L,5,3,Late,69,2.06,142.2,Laurel 
501L,5,3,Late,69,2.07,142.2,Laurel 
501L,5,3,Late,69,2.38,142.2,Laurel 
501L,5,3,Late,69,3.02,142.2,Laurel 
501L,5,3,Late,69,3.06,142.2,Laurel 
501L,5,3,Late,69,3.07,142.2,Laurel 
501L,5,3,Late,69,3.22,142.2,Laurel 
501L,5,3,Late,69,3.48,142.2,Laurel 
501L,5,3,Late,67,2.31,144.8,Laurel 
501L,5,3,Late,69,2.42,144.8,Laurel 
501L,5,3,Late,69,2.61,144.8,Laurel 
501L,5,3,Late,69,2.75,144.8,Laurel 
501L,5,3,Late,69,2.82,144.8,Laurel 
501L,5,3,Late,69,3.33,144.8,Laurel 
501L,5,3,Late,69,3.39,144.8,Laurel 
501L,5,3,Late,69,3.6,144.8,Laurel 
501L,5,3,Late,69,2.4,147.3,Laurel 
501L,5,3,Late,69,2.58,147.3,Laurel 
501L,5,3,Late,69,2.84,147.3,Laurel 
501L,5,3,Late,69,3.11,147.3,Laurel 
501L,5,3,Late,69,3.35,147.3,Laurel 
501L,5,3,Late,69,3.48,147.3,Laurel 
501L,5,3,Late,69,3.91,147.3,Laurel 
501L,5,3,Late,67,2.94,149.9,Laurel 
501L,5,3,Late,69,3.13,149.9,Laurel 
501L,5,3,Late,69,3.7,149.9,Laurel 
501L,5,3,Late,69,2.49,152.4,Laurel 
501L,5,3,Late,69,3.09,152.4,Laurel 
501L,5,3,Late,69,3.19,152.4,Laurel 
501L,5,3,Late,69,3.36,152.4,Laurel 
501L,5,3,Late,69,3.6,152.4,Laurel 
501L,5,3,Late,69,2.76,154.9,Laurel 
501L,5,3,Late,69,3.05,154.9,Laurel 
501L,5,3,Late,69,3.55,157.5,Laurel 
501L,5,3,Late,69,2.95,160,Laurel 
501L,5,3,Late,69,3.38,160,Laurel 
501L,5,3,Late,69,3.39,160,Laurel 
501L,5,3,Late,69,3.4,165.1,Laurel 
501L,5,3,Late,69,3.46,175.3,Laurel 
502E,5,0,Early,na,na,10.2,Laurel 
502E,5,0,Early,45,0.5,17.8,Laurel 
502E,5,0,Early,45,1,17.8,Laurel 
502E,5,0,Early,49,1.3,17.8,Laurel 
502E,5,0,Early,51,0.9,20.3,Laurel 
502E,5,0,Early,41,1.1,20.3,Laurel 
502E,5,0,Early,47,1.5,20.3,Laurel 
502E,5,0,Early,45,1.5,22.9,Laurel 
502E,5,0,Early,47,1,25.4,Laurel 
502E,5,0,Early,45,1.4,26.7,Laurel 
502E,5,0,Early,45,1.8,27.9,Laurel 
502E,5,0,Early,49,1,29.2,Laurel 
502E,5,0,Early,51,1.7,29.2,Laurel 
502E,5,0,Early,45,1.7,29.2,Laurel 
502E,5,0,Early,59,1.2,30.5,Laurel 
502E,5,0,Early,51,1.3,30.5,Laurel 
502E,5,0,Early,47,1.4,30.5,Laurel 
502E,5,0,Early,45,1.4,30.5,Laurel 
502E,5,0,Early,45,1.5,31.8,Laurel 
502E,5,0,Early,59,1.4,33,Laurel 
502E,5,0,Early,49,1.5,33,Laurel 
502E,5,0,Early,51,1.7,33,Laurel 
502E,5,0,Early,57,1.7,33,Laurel 
502E,5,0,Early,45,1.9,33,Laurel 
502E,5,0,Early,47,2,33,Laurel 
502E,5,0,Early,45,2.1,33,Laurel 
502E,5,0,Early,47,1.2,35.6,Laurel 
502E,5,0,Early,51,1.3,35.6,Laurel 
502E,5,0,Early,47,1.9,35.6,Laurel 
502E,5,0,Early,47,2.3,35.6,Laurel 
502E,5,0,Early,47,2.3,36.8,Laurel 
502E,5,0,Early,51,1.4,38.1,Laurel 
502E,5,0,Early,49,1.8,38.1,Laurel 
502E,5,0,Early,53,2.1,38.1,Laurel 
502E,5,0,Early,na,2.4,38.1,Laurel 
502E,5,0,Early,53,1.4,39.4,Laurel 
502E,5,0,Early,53,1.4,40.6,Laurel 
502E,5,0,Early,47,1.9,40.6,Laurel 
502E,5,0,Early,51,2,40.6,Laurel 
502E,5,0,Early,49,2.5,41.9,Laurel 
502E,5,0,Early,49,2.6,41.9,Laurel 
502E,5,0,Early,47,1.2,43.2,Laurel 
502E,5,0,Early,49,1.4,43.2,Laurel 
502E,5,0,Early,51,1.7,43.2,Laurel 
502E,5,0,Early,59,1.7,43.2,Laurel 
502E,5,0,Early,55,2.4,43.2,Laurel 
502E,5,0,Early,49,2.4,43.2,Laurel 
502E,5,0,Early,na,1.4,44.5,Laurel 
502E,5,0,Early,55,1.9,45.7,Laurel 
502E,5,0,Early,49,2,45.7,Laurel 
502E,5,0,Early,53,2.1,45.7,Laurel 
502E,5,0,Early,49,2.3,45.7,Laurel 
502E,5,0,Early,55,2.5,45.7,Laurel 
502E,5,0,Early,53,1.7,48.3,Laurel 
502E,5,0,Early,51,1.7,48.3,Laurel 
502E,5,0,Early,51,2,48.3,Laurel 
502E,5,0,Early,53,2.5,48.3,Laurel 
502E,5,0,Early,57,2.5,48.3,Laurel 
502E,5,0,Early,59,2.6,48.3,Laurel 
502E,5,0,Early,49,2.7,48.3,Laurel 
502E,5,0,Early,45,3,48.3,Laurel 
502E,5,0,Early,47,3,48.3,Laurel 
502E,5,0,Early,55,3,48.3,Laurel 
502E,5,0,Early,55,1.8,50.8,Laurel 
502E,5,0,Early,51,2.4,50.8,Laurel 
502E,5,0,Early,51,2.5,50.8,Laurel 
502E,5,0,Early,45,2.6,50.8,Laurel 
502E,5,0,Early,55,2,52.1,Laurel 
502E,5,0,Early,55,1.2,53.3,Laurel 
502E,5,0,Early,49,2,53.3,Laurel 
502E,5,0,Early,na,2,53.3,Laurel 
502E,5,0,Early,47,2.5,53.3,Laurel 
502E,5,0,Early,45,2.4,54.6,Laurel 
502E,5,0,Early,59,2.4,54.6,Laurel 
502E,5,0,Early,53,2.3,55.9,Laurel 
502E,5,0,Early,53,3,55.9,Laurel 
502E,5,0,Early,57,2,58.4,Laurel 
502E,5,0,Early,49,2.4,58.4,Laurel 
502E,5,0,Early,45,3,58.4,Laurel 
502E,5,0,Early,59,2.4,59.7,Laurel 
502E,5,0,Early,57,1.7,61,Laurel 
502E,5,0,Early,55,3,62.2,Laurel 
502E,5,0,Early,53,2,63.5,Laurel 
502E,5,0,Early,55,2.1,63.5,Laurel 
502E,5,0,Early,53,3,63.5,Laurel 
502E,5,0,Early,55,3,63.5,Laurel 
502E,5,0,Early,57,3.6,63.5,Laurel 
502E,5,0,Early,53,3.1,64.8,Laurel 
502E,5,0,Early,53,2.7,66,Laurel 
502E,5,0,Early,57,2.5,68.6,Laurel 
502E,5,0,Early,57,2.6,72.4,Laurel 
502E,5,0,Early,59,2.6,74.9,Laurel 
502E,5,0,Early,55,3,76.2,Laurel 
502L,5,0,Late,65,1,12.7,Laurel 
502L,5,0,Late,25,0.37,25.4,Laurel 
502L,5,0,Late,63,0.48,27.9,Laurel 
502L,5,0,Late,61,0.57,30.5,Laurel 
502L,5,0,Late,59,0.7,30.5,Laurel 
502L,5,0,Late,35,1.76,30.5,Laurel 
502L,5,0,Late,53,1.59,43.2,Laurel 
502L,5,0,Late,59,0.78,45.7,Laurel 
502L,5,0,Late,59,0.95,48.3,Laurel 
502L,5,0,Late,65,0.66,53.3,Laurel 
502L,5,0,Late,65,1.23,63.5,Laurel 
502L,5,0,Late,63,1.58,63.5,Laurel 
502L,5,0,Late,61,0.97,68.6,Laurel 
502L,5,0,Late,63,1.29,68.6,Laurel 
502L,5,0,Late,61,0.92,71.1,Laurel 
502L,5,0,Late,61,1.4,73.7,Laurel 
502L,5,0,Late,65,1.05,76.2,Laurel 
502L,5,0,Late,63,1.1,76.2,Laurel 
502L,5,0,Late,61,1.5,76.2,Laurel 
502L,5,0,Late,67,1.31,78.7,Laurel 
502L,5,0,Late,63,1.49,78.7,Laurel 
502L,5,0,Late,63,1.16,81.3,Laurel 
502L,5,0,Late,61,1.41,81.3,Laurel 
502L,5,0,Late,63,1.53,81.3,Laurel 
502L,5,0,Late,61,1.56,81.3,Laurel 
502L,5,0,Late,61,1.61,81.3,Laurel 
502L,5,0,Late,65,1.79,81.3,Laurel 
502L,5,0,Late,67,1.48,83.8,Laurel 
502L,5,0,Late,61,1.51,83.8,Laurel 
502L,5,0,Late,61,1.82,83.8,Laurel 
502L,5,0,Late,61,2.04,83.8,Laurel 
502L,5,0,Late,61,2.76,83.8,Laurel 
502L,5,0,Late,63,1.43,88.9,Laurel 
502L,5,0,Late,69,1.68,88.9,Laurel 
502L,5,0,Late,67,2.12,88.9,Laurel 
502L,5,0,Late,67,1.75,91.4,Laurel 
502L,5,0,Late,65,1.93,91.4,Laurel 
502L,5,0,Late,67,1.62,94,Laurel 
502L,5,0,Late,67,1.74,94,Laurel 
502L,5,0,Late,65,2.12,94,Laurel 
502L,5,0,Late,69,2.24,94,Laurel 
502L,5,0,Late,69,1.54,96.5,Laurel 
502L,5,0,Late,69,1.87,96.5,Laurel 
502L,5,0,Late,67,1.9,96.5,Laurel 
502L,5,0,Late,65,2.26,96.5,Laurel 
502L,5,0,Late,63,2.36,96.5,Laurel 
502L,5,0,Late,67,1.81,99.1,Laurel 
502L,5,0,Late,67,1.84,99.1,Laurel 
502L,5,0,Late,67,1.91,99.1,Laurel 
502L,5,0,Late,61,2.02,99.1,Laurel 
502L,5,0,Late,67,2.35,99.1,Laurel 
502L,5,0,Late,63,2.19,101.6,Laurel 
502L,5,0,Late,67,2.16,104.1,Laurel 
502L,5,0,Late,61,2.22,104.1,Laurel 
502L,5,0,Late,63,2.31,104.1,Laurel 
502L,5,0,Late,69,2.48,104.1,Laurel 
502L,5,0,Late,65,2.13,106.7,Laurel 
502L,5,0,Late,63,2.41,106.7,Laurel 
502L,5,0,Late,61,2.63,106.7,Laurel 
502L,5,0,Late,67,2.1,109.2,Laurel 
502L,5,0,Late,67,2.32,109.2,Laurel 
502L,5,0,Late,69,2.51,109.2,Laurel 
502L,5,0,Late,65,2.57,109.2,Laurel 
502L,5,0,Late,63,2.7,109.2,Laurel 
502L,5,0,Late,67,2.76,109.2,Laurel 
502L,5,0,Late,67,2.86,109.2,Laurel 
502L,5,0,Late,67,1.76,111.8,Laurel 
502L,5,0,Late,67,2.36,114.3,Laurel 
502L,5,0,Late,69,2.39,116.8,Laurel 
502L,5,0,Late,67,2.79,121.9,Laurel 
502L,5,0,Late,67,3.03,124.5,Laurel 
502L,5,0,Late,67,2.91,127,Laurel 
502L,5,0,Late,67,3.43,137.2,Laurel 
503E,5,1.5,Early,na,na,15.2,Laurel 
503E,5,1.5,Early,na,na,22.9,Laurel 
503E,5,1.5,Early,na,na,22.9,Laurel 
503E,5,1.5,Early,53,0.9,27.9,Laurel 
503E,5,1.5,Early,47,2.1,30.5,Laurel 
503E,5,1.5,Early,55,1,33,Laurel 
503E,5,1.5,Early,55,1.7,33,Laurel 
503E,5,1.5,Early,55,1.1,33,Laurel 
503E,5,1.5,Early,59,1.1,33,Laurel 
503E,5,1.5,Early,55,1,34.3,Laurel 
503E,5,1.5,Early,59,1.1,35.6,Laurel 
503E,5,1.5,Early,45,2.3,38.1,Laurel 
503E,5,1.5,Early,55,1.4,43.2,Laurel 
503E,5,1.5,Early,55,1.7,44.5,Laurel 
503E,5,1.5,Early,49,1.2,45.7,Laurel 
503E,5,1.5,Early,53,1.6,45.7,Laurel 
503E,5,1.5,Early,55,2.1,45.7,Laurel 
503E,5,1.5,Early,59,1.9,47,Laurel 
503E,5,1.5,Early,53,0.9,48.3,Laurel 
503E,5,1.5,Early,49,1.1,48.3,Laurel 
503E,5,1.5,Early,55,2,49.5,Laurel 
503E,5,1.5,Early,59,1.4,53.3,Laurel 
503E,5,1.5,Early,49,1.7,53.3,Laurel 
503E,5,1.5,Early,59,1.3,54.6,Laurel 
503E,5,1.5,Early,59,1.9,54.6,Laurel 
503E,5,1.5,Early,59,1.5,55.9,Laurel 
503E,5,1.5,Early,55,1.9,55.9,Laurel 
503E,5,1.5,Early,55,2,55.9,Laurel 
503E,5,1.5,Early,59,1.1,58.4,Laurel 
503E,5,1.5,Early,59,1.4,58.4,Laurel 
503E,5,1.5,Early,59,1.6,58.4,Laurel 
503E,5,1.5,Early,57,1.4,61,Laurel 
503E,5,1.5,Early,57,1.7,61,Laurel 
503E,5,1.5,Early,53,3.7,62.2,Laurel 
503E,5,1.5,Early,55,1.8,63.5,Laurel 
503E,5,1.5,Early,49,2.3,63.5,Laurel 
503E,5,1.5,Early,59,1.4,66,Laurel 
503E,5,1.5,Early,55,2,66,Laurel 
503E,5,1.5,Early,57,2.1,66,Laurel 
503E,5,1.5,Early,57,2.3,66,Laurel 
503E,5,1.5,Early,55,2.4,66,Laurel 
503E,5,1.5,Early,55,2.3,67.3,Laurel 
503E,5,1.5,Early,59,1.2,68.6,Laurel 
503E,5,1.5,Early,59,1.6,68.6,Laurel 
503E,5,1.5,Early,59,1.8,68.6,Laurel 
503E,5,1.5,Early,55,1.8,68.6,Laurel 
503E,5,1.5,Early,59,3,68.6,Laurel 
503E,5,1.5,Early,51,3.2,68.6,Laurel 
503E,5,1.5,Early,55,2.3,71.1,Laurel 
503E,5,1.5,Early,59,2.4,71.1,Laurel 
503E,5,1.5,Early,59,2.4,71.1,Laurel 
503E,5,1.5,Early,59,3.1,71.1,Laurel 
503E,5,1.5,Early,53,3,72.4,Laurel 
503E,5,1.5,Early,55,2,73.7,Laurel 
503E,5,1.5,Early,59,2,73.7,Laurel 
503E,5,1.5,Early,59,2.1,73.7,Laurel 
503E,5,1.5,Early,47,2.4,73.7,Laurel 
503E,5,1.5,Early,59,2.5,73.7,Laurel 
503E,5,1.5,Early,51,2.7,73.7,Laurel 
503E,5,1.5,Early,59,2.6,74.9,Laurel 
503E,5,1.5,Early,59,2,76.2,Laurel 
503E,5,1.5,Early,59,2.5,76.2,Laurel 
503E,5,1.5,Early,59,3.9,76.2,Laurel 
503E,5,1.5,Early,55,2.6,77.5,Laurel 
503E,5,1.5,Early,59,2,78.7,Laurel 
503E,5,1.5,Early,57,2.6,78.7,Laurel 
503E,5,1.5,Early,59,2.5,80,Laurel 
503E,5,1.5,Early,51,2,81.3,Laurel 
503E,5,1.5,Early,59,2.4,81.3,Laurel 
503E,5,1.5,Early,55,3,81.3,Laurel 
503E,5,1.5,Early,57,3,82.6,Laurel 
503E,5,1.5,Early,59,2.6,86.4,Laurel 
503E,5,1.5,Early,59,3.5,86.4,Laurel 
503E,5,1.5,Early,57,3,87.6,Laurel 
503E,5,1.5,Early,59,3.1,88.9,Laurel 
503E,5,1.5,Early,57,3.3,88.9,Laurel 
503E,5,1.5,Early,59,3,94,Laurel 
503E,5,1.5,Early,57,3,94,Laurel 
503E,5,1.5,Early,59,3.3,95.3,Laurel 
503E,5,1.5,Early,59,3.3,95.3,Laurel 
503E,5,1.5,Early,57,3.4,95.3,Laurel 
503E,5,1.5,Early,59,3,99.1,Laurel 
503E,5,1.5,Early,57,3.2,99.1,Laurel 
503L,5,1.5,Late,61,1.04,40.6,Laurel 
503L,5,1.5,Late,71,0.77,48.3,Laurel 
503L,5,1.5,Late,65,0.79,58.4,Laurel 
503L,5,1.5,Late,65,0.77,61,Laurel 
503L,5,1.5,Late,65,1.91,61,Laurel 
503L,5,1.5,Late,61,1.47,63.5,Laurel 
503L,5,1.5,Late,69,0.67,66,Laurel 
503L,5,1.5,Late,69,0.73,68.6,Laurel 
503L,5,1.5,Late,67,0.84,68.6,Laurel 
503L,5,1.5,Late,59,1.66,68.6,Laurel 
503L,5,1.5,Late,69,0.72,71.1,Laurel 
503L,5,1.5,Late,69,1.16,73.7,Laurel 
503L,5,1.5,Late,65,1.21,76.2,Laurel 
503L,5,1.5,Late,69,1.23,78.7,Laurel 
503L,5,1.5,Late,65,1.5,81.3,Laurel 
503L,5,1.5,Late,69,1.85,81.3,Laurel 
503L,5,1.5,Late,69,1.2,83.8,Laurel 
503L,5,1.5,Late,69,1.25,83.8,Laurel 
503L,5,1.5,Late,69,1.02,86.4,Laurel 
503L,5,1.5,Late,69,1.91,86.4,Laurel 
503L,5,1.5,Late,67,1.92,86.4,Laurel 
503L,5,1.5,Late,69,1.52,88.9,Laurel 
503L,5,1.5,Late,69,1.43,91.4,Laurel 
503L,5,1.5,Late,65,1.9,91.4,Laurel 
503L,5,1.5,Late,67,1.23,94,Laurel 
503L,5,1.5,Late,69,1.42,94,Laurel 
503L,5,1.5,Late,69,1.59,94,Laurel 
503L,5,1.5,Late,69,1.1,96.5,Laurel 
503L,5,1.5,Late,67,1.35,96.5,Laurel 
503L,5,1.5,Late,67,1.45,96.5,Laurel 
503L,5,1.5,Late,69,1.77,99.1,Laurel 
503L,5,1.5,Late,65,2.63,100.3,Laurel 
503L,5,1.5,Late,67,1.44,101.6,Laurel 
503L,5,1.5,Late,67,1.71,101.6,Laurel 
503L,5,1.5,Late,67,1.76,101.6,Laurel 
503L,5,1.5,Late,69,1.63,104.1,Laurel 
503L,5,1.5,Late,69,1.71,106.7,Laurel 
503L,5,1.5,Late,67,2.12,106.7,Laurel 
503L,5,1.5,Late,67,2.36,106.7,Laurel 
503L,5,1.5,Late,67,1.89,109.2,Laurel 
503L,5,1.5,Late,69,2.01,109.2,Laurel 
503L,5,1.5,Late,69,2.03,109.2,Laurel 
503L,5,1.5,Late,69,1.82,111.8,Laurel 
503L,5,1.5,Late,69,1.89,111.8,Laurel 
503L,5,1.5,Late,65,2.4,111.8,Laurel 
503L,5,1.5,Late,67,1.92,114.3,Laurel 
503L,5,1.5,Late,69,2,114.3,Laurel 
503L,5,1.5,Late,69,2.13,114.3,Laurel 
503L,5,1.5,Late,67,2.26,114.3,Laurel 
503L,5,1.5,Late,69,2.32,114.3,Laurel 
503L,5,1.5,Late,69,2.38,114.3,Laurel 
503L,5,1.5,Late,69,2.56,114.3,Laurel 
503L,5,1.5,Late,69,0.96,116.8,Laurel 
503L,5,1.5,Late,69,2.4,119.4,Laurel 
503L,5,1.5,Late,69,2.42,119.4,Laurel 
503L,5,1.5,Late,69,2.08,121.9,Laurel 
503L,5,1.5,Late,69,2.26,121.9,Laurel 
503L,5,1.5,Late,67,2.35,121.9,Laurel 
503L,5,1.5,Late,67,2.98,121.9,Laurel 
503L,5,1.5,Late,69,3.24,121.9,Laurel 
503L,5,1.5,Late,69,2.35,124.5,Laurel 
503L,5,1.5,Late,69,2.51,124.5,Laurel 
503L,5,1.5,Late,67,2.75,124.5,Laurel 
503L,5,1.5,Late,67,2.92,124.5,Laurel 
503L,5,1.5,Late,71,3.13,124.5,Laurel 
503L,5,1.5,Late,69,2.25,127,Laurel 
503L,5,1.5,Late,69,2.49,127,Laurel 
503L,5,1.5,Late,67,2.6,129.5,Laurel 
503L,5,1.5,Late,69,2.78,129.5,Laurel 
503L,5,1.5,Late,67,3.16,129.5,Laurel 
503L,5,1.5,Late,69,2.64,132.1,Laurel 
503L,5,1.5,Late,69,2.06,134.6,Laurel 
503L,5,1.5,Late,69,2.67,134.6,Laurel 
503L,5,1.5,Late,63,2.73,134.6,Laurel 
503L,5,1.5,Late,69,2.72,137.2,Laurel 
503L,5,1.5,Late,69,2.91,137.2,Laurel 
503L,5,1.5,Late,69,2.99,137.2,Laurel 
503L,5,1.5,Late,69,3.05,137.2,Laurel 
503L,5,1.5,Late,69,3.11,137.2,Laurel 
503L,5,1.5,Late,69,3.12,137.2,Laurel 
503L,5,1.5,Late,69,2.66,139.7,Laurel 
503L,5,1.5,Late,69,2.97,139.7,Laurel 
503L,5,1.5,Late,69,3.47,139.7,Laurel 
503L,5,1.5,Late,69,2.51,142.2,Laurel 
503L,5,1.5,Late,67,3.09,142.2,Laurel 
503L,5,1.5,Late,69,3.41,142.2,Laurel 
503L,5,1.5,Late,67,3.34,144.8,Laurel 
503L,5,1.5,Late,69,2.99,149.9,Laurel 
