plot,block,rate,pattern,stage,diameter_mm,height_cm,who
101,1,112,Row,69,na,15.2,Laurel
101,1,112,Row,71,na,20.3,Laurel
101,1,112,Row,na,na,20.3,Laurel
101,1,112,Row,31,1.26,25.4,Laurel
101,1,112,Row,61,0.45,33,Laurel
101,1,112,Row,61,1.29,50.8,Laurel
101,1,112,Row,59,1.37,50.8,Laurel
101,1,112,Row,61,0.87,53.3,Laurel
101,1,112,Row,65,0.85,55.9,Laurel
101,1,112,Row,61,1.17,63.5,Laurel
101,1,112,Row,59,0.84,68.6,Laurel
101,1,112,Row,67,1.33,68.6,Laurel
101,1,112,Row,61,1.03,71.1,Laurel
101,1,112,Row,67,1.17,71.1,Laurel
101,1,112,Row,65,1.22,71.1,Laurel
101,1,112,Row,61,1.95,71.1,Laurel
101,1,112,Row,30,1.33,73.7,Laurel
101,1,112,Row,61,1.36,76.2,Laurel
101,1,112,Row,69,1.46,76.2,Laurel
101,1,112,Row,61,1.1,78.7,Laurel
101,1,112,Row,65,1.19,78.7,Laurel
101,1,112,Row,61,1.29,78.7,Laurel
101,1,112,Row,63,1.33,78.7,Laurel
101,1,112,Row,65,1.6,81.3,Laurel
101,1,112,Row,63,1.42,83.8,Laurel
101,1,112,Row,65,1.89,83.8,Laurel
101,1,112,Row,65,1.48,86.4,Laurel
101,1,112,Row,61,1.3,88.9,Laurel
101,1,112,Row,61,2.16,91.4,Laurel
101,1,112,Row,61,2.22,94,Laurel
101,1,112,Row,61,1.25,96.5,Laurel
101,1,112,Row,69,1.72,96.5,Laurel
101,1,112,Row,69,1.76,96.5,Laurel
101,1,112,Row,61,2.09,96.5,Laurel
101,1,112,Row,61,2.34,96.5,Laurel
101,1,112,Row,69,1.99,97.8,Laurel
101,1,112,Row,71,1.59,99.1,Laurel
101,1,112,Row,69,1.65,99.1,Laurel
101,1,112,Row,65,1.75,99.1,Laurel
101,1,112,Row,67,1.9,99.1,Laurel
101,1,112,Row,65,1.99,99.1,Laurel
101,1,112,Row,71,2.17,99.1,Laurel
101,1,112,Row,61,2.19,99.1,Laurel
101,1,112,Row,61,2.28,99.1,Laurel
101,1,112,Row,61,2.86,101.6,Laurel
101,1,112,Row,61,3.13,101.6,Laurel
101,1,112,Row,69,1.73,104.1,Laurel
101,1,112,Row,69,1.93,104.1,Laurel
101,1,112,Row,65,2.29,104.1,Laurel
101,1,112,Row,65,2.51,104.1,Laurel
101,1,112,Row,65,2.39,108,Laurel
101,1,112,Row,61,2.17,109.2,Laurel
101,1,112,Row,61,2.84,109.2,Laurel
101,1,112,Row,65,1.76,111.8,Laurel
101,1,112,Row,69,2,111.8,Laurel
101,1,112,Row,61,2.31,111.8,Laurel
101,1,112,Row,67,2.42,111.8,Laurel
101,1,112,Row,65,2.67,111.8,Laurel
101,1,112,Row,69,2.01,114.3,Laurel
101,1,112,Row,65,2.43,114.3,Laurel
101,1,112,Row,71,2.72,114.3,Laurel
101,1,112,Row,65,2.78,114.3,Laurel
101,1,112,Row,69,2.73,115.6,Laurel
101,1,112,Row,67,2.1,116.8,Laurel
101,1,112,Row,69,2.46,116.8,Laurel
101,1,112,Row,65,2.59,116.8,Laurel
101,1,112,Row,69,2.36,119.4,Laurel
101,1,112,Row,69,2.48,119.4,Laurel
101,1,112,Row,69,2.65,119.4,Laurel
101,1,112,Row,69,2.68,119.4,Laurel
101,1,112,Row,65,2.73,119.4,Laurel
101,1,112,Row,65,2.3,121.9,Laurel
101,1,112,Row,63,2.23,124.5,Laurel
101,1,112,Row,69,2.55,124.5,Laurel
101,1,112,Row,67,2.64,127,Laurel
101,1,112,Row,67,2.66,127,Laurel
101,1,112,Row,69,2.26,129.5,Laurel
101,1,112,Row,67,2.88,129.5,Laurel
101,1,112,Row,69,2.9,129.5,Laurel
101,1,112,Row,69,3.15,129.5,Laurel
101,1,112,Row,65,3.2,129.5,Laurel
101,1,112,Row,67,4.09,129.5,Laurel
101,1,112,Row,69,3.08,130.8,Laurel
101,1,112,Row,67,3.23,132.1,Laurel
101,1,112,Row,71,3.31,132.1,Laurel
101,1,112,Row,67,2.99,134.6,Laurel
101,1,112,Row,67,3.26,134.6,Laurel
101,1,112,Row,67,3.77,134.6,Laurel
101,1,112,Row,67,3.14,137.2,Laurel
101,1,112,Row,67,3.14,137.2,Laurel
101,1,112,Row,63,3.17,137.2,Laurel
101,1,112,Row,69,3.49,137.2,Laurel
101,1,112,Row,30,3.86,139.7,Laurel
101,1,112,Row,67,2.81,141,Laurel
101,1,112,Row,69,2.89,142.2,Laurel
101,1,112,Row,67,3.84,142.2,Laurel
101,1,112,Row,65,4.09,142.2,Laurel
101,1,112,Row,67,3.99,144.8,Laurel
102,1,28,Row,55,0.39,22.9,Laurel
102,1,28,Row,57,1.52,40.6,Laurel
102,1,28,Row,61,1.31,45.7,Laurel
102,1,28,Row,59,1.49,53.3,Laurel
102,1,28,Row,65,1.98,53.3,Laurel
102,1,28,Row,65,2.4,58.4,Laurel
102,1,28,Row,61,1.78,81.3,Laurel
102,1,28,Row,67,1.33,86.4,Laurel
102,1,28,Row,61,1.67,86.4,Laurel
102,1,28,Row,63,2.16,91.4,Laurel
102,1,28,Row,65,1.98,96.5,Laurel
102,1,28,Row,61,2.57,99.1,Laurel
102,1,28,Row,61,2.22,101.6,Laurel
102,1,28,Row,65,2.44,104.1,Laurel
102,1,28,Row,59,2.46,104.1,Laurel
102,1,28,Row,61,2.4,111.8,Laurel
102,1,28,Row,63,2.43,111.8,Laurel
102,1,28,Row,61,2.95,114.3,Laurel
102,1,28,Row,65,3.03,114.3,Laurel
102,1,28,Row,61,3.08,114.3,Laurel
102,1,28,Row,61,3.18,116.8,Laurel
102,1,28,Row,67,2.87,119.4,Laurel
102,1,28,Row,67,3.24,119.4,Laurel
102,1,28,Row,65,2.82,121.9,Laurel
102,1,28,Row,69,3.15,121.9,Laurel
102,1,28,Row,65,3.34,127,Laurel
102,1,28,Row,63,3.57,129.5,Laurel
102,1,28,Row,67,3.88,132.1,Laurel
102,1,28,Row,67,3.14,137.2,Laurel
102,1,28,Row,67,3.75,137.2,Laurel
102,1,28,Row,63,4.4,139.7,Laurel
102,1,28,Row,67,3.57,147.3,Laurel
103,1,112,Grid,61,0.47,43.2,Laurel
103,1,112,Grid,59,1.27,50.8,Laurel
103,1,112,Grid,61,1.25,53.3,Laurel
103,1,112,Grid,61,1.03,58.4,Laurel
103,1,112,Grid,61,1.42,58.4,Laurel
103,1,112,Grid,61,1.19,66,Laurel
103,1,112,Grid,63,1.37,66,Laurel
103,1,112,Grid,61,1.2,68.6,Laurel
103,1,112,Grid,61,1.53,71.1,Laurel
103,1,112,Grid,61,2.11,71.1,Laurel
103,1,112,Grid,69,2.89,71.1,Laurel
103,1,112,Grid,61,1.27,73.7,Laurel
103,1,112,Grid,65,1.43,73.7,Laurel
103,1,112,Grid,61,1.77,73.7,Laurel
103,1,112,Grid,63,1.05,76.2,Laurel
103,1,112,Grid,61,1.31,76.2,Laurel
103,1,112,Grid,63,1.33,78.7,Laurel
103,1,112,Grid,59,1.4,78.7,Laurel
103,1,112,Grid,61,2.21,78.7,Laurel
103,1,112,Grid,65,1.35,81.3,Laurel
103,1,112,Grid,63,1.38,81.3,Laurel
103,1,112,Grid,65,1.39,81.3,Laurel
103,1,112,Grid,59,1.49,81.3,Laurel
103,1,112,Grid,65,1.66,81.3,Laurel
103,1,112,Grid,65,1.65,83.8,Laurel
103,1,112,Grid,61,1.69,83.8,Laurel
103,1,112,Grid,61,1.79,83.8,Laurel
103,1,112,Grid,67,1.34,86.4,Laurel
103,1,112,Grid,69,1.69,86.4,Laurel
103,1,112,Grid,61,1.52,88.9,Laurel
103,1,112,Grid,61,1.6,88.9,Laurel
103,1,112,Grid,63,1.77,88.9,Laurel
103,1,112,Grid,67,1.87,88.9,Laurel
103,1,112,Grid,61,2.22,88.9,Laurel
103,1,112,Grid,61,1.35,91.4,Laurel
103,1,112,Grid,67,1.73,91.4,Laurel
103,1,112,Grid,61,1.9,91.4,Laurel
103,1,112,Grid,63,1.9,91.4,Laurel
103,1,112,Grid,61,1.92,91.4,Laurel
103,1,112,Grid,65,1.71,94,Laurel
103,1,112,Grid,61,1.81,94,Laurel
103,1,112,Grid,67,2.22,94,Laurel
103,1,112,Grid,67,2.37,94,Laurel
103,1,112,Grid,67,2.35,95.3,Laurel
103,1,112,Grid,61,2.2,96.5,Laurel
103,1,112,Grid,61,2.32,96.5,Laurel
103,1,112,Grid,63,2.42,96.5,Laurel
103,1,112,Grid,69,2.42,96.5,Laurel
103,1,112,Grid,61,1.62,99.1,Laurel
103,1,112,Grid,61,1.99,99.1,Laurel
103,1,112,Grid,63,2.04,99.1,Laurel
103,1,112,Grid,61,2.1,99.1,Laurel
103,1,112,Grid,65,1.63,101.6,Laurel
103,1,112,Grid,61,1.99,101.6,Laurel
103,1,112,Grid,65,2.12,101.6,Laurel
103,1,112,Grid,69,2.12,101.6,Laurel
103,1,112,Grid,61,2.9,101.6,Laurel
103,1,112,Grid,63,2.24,104.1,Laurel
103,1,112,Grid,67,2.36,104.1,Laurel
103,1,112,Grid,61,2.14,106.7,Laurel
103,1,112,Grid,61,2.4,106.7,Laurel
103,1,112,Grid,63,2.6,106.7,Laurel
103,1,112,Grid,61,2.62,106.7,Laurel
103,1,112,Grid,61,2.69,106.7,Laurel
103,1,112,Grid,65,2.35,109.2,Laurel
103,1,112,Grid,69,2.45,110.5,Laurel
103,1,112,Grid,63,2.54,111.8,Laurel
103,1,112,Grid,65,2.57,111.8,Laurel
103,1,112,Grid,61,2.37,114.3,Laurel
103,1,112,Grid,63,2.58,114.3,Laurel
103,1,112,Grid,67,1.36,116.8,Laurel
103,1,112,Grid,65,3,116.8,Laurel
103,1,112,Grid,69,2.7,119.4,Laurel
103,1,112,Grid,65,3.36,121.9,Laurel
103,1,112,Grid,65,3.36,127,Laurel
104,1,56,Row,25,na,12.7,Laurel
104,1,56,Row,25,0.29,15.2,Laurel
104,1,56,Row,25,na,17.8,Laurel
104,1,56,Row,25,na,17.8,Laurel
104,1,56,Row,25,na,22.9,Laurel
104,1,56,Row,25,na,22.9,Laurel
104,1,56,Row,25,na,25.4,Laurel
104,1,56,Row,41,na,25.4,Laurel
104,1,56,Row,59,1.28,38.1,Laurel
104,1,56,Row,59,1.5,53.3,Laurel
104,1,56,Row,59,0.84,58.4,Laurel
104,1,56,Row,63,1.51,68.6,Laurel
104,1,56,Row,61,1.19,78.7,Laurel
104,1,56,Row,61,1.47,78.7,Laurel
104,1,56,Row,61,1.86,81.3,Laurel
104,1,56,Row,63,2.06,91.4,Laurel
104,1,56,Row,61,3.46,94,Laurel
104,1,56,Row,61,2.54,96.5,Laurel
104,1,56,Row,65,1.71,101.6,Laurel
104,1,56,Row,63,3.18,101.6,Laurel
104,1,56,Row,65,1.97,104.1,Laurel
104,1,56,Row,59,2.14,104.1,Laurel
104,1,56,Row,67,3,104.1,Laurel
104,1,56,Row,61,2.05,106.7,Laurel
104,1,56,Row,65,2.48,109.2,Laurel
104,1,56,Row,65,2.5,109.2,Laurel
104,1,56,Row,61,1.81,111.8,Laurel
104,1,56,Row,61,2.38,114.3,Laurel
104,1,56,Row,61,3.09,114.3,Laurel
104,1,56,Row,65,2.72,116.8,Laurel
104,1,56,Row,65,2.83,121.9,Laurel
104,1,56,Row,65,3.7,121.9,Laurel
104,1,56,Row,65,1.745,124.5,Laurel
104,1,56,Row,65,2.58,124.5,Laurel
104,1,56,Row,65,3.28,124.5,Laurel
104,1,56,Row,63,2.17,129.5,Laurel
104,1,56,Row,61,3.7,132.1,Laurel
104,1,56,Row,65,3.75,134.6,Laurel
104,1,56,Row,65,3.8,139.7,Laurel
105,1,168,Grid,59,0.6,20.3,Laurel
105,1,168,Grid,61,0.72,25.4,Laurel
105,1,168,Grid,61,0.3,27.9,Laurel
105,1,168,Grid,61,0.43,27.9,Laurel
105,1,168,Grid,61,0.51,35.6,Laurel
105,1,168,Grid,61,0.4,38.1,Laurel
105,1,168,Grid,63,0.56,38.1,Laurel
105,1,168,Grid,61,0.65,38.1,Laurel
105,1,168,Grid,61,0.72,38.1,Laurel
105,1,168,Grid,61,na,38.1,Laurel
105,1,168,Grid,61,0.54,40.6,Laurel
105,1,168,Grid,61,0.7,40.6,Laurel
105,1,168,Grid,61,0.98,40.6,Laurel
105,1,168,Grid,61,0.42,45.7,Laurel
105,1,168,Grid,59,0.59,45.7,Laurel
105,1,168,Grid,61,0.67,45.7,Laurel
105,1,168,Grid,61,0.68,45.7,Laurel
105,1,168,Grid,53,0.79,45.7,Laurel
105,1,168,Grid,61,0.88,47,Laurel
105,1,168,Grid,61,0.8,48.3,Laurel
105,1,168,Grid,61,0.69,50.8,Laurel
105,1,168,Grid,61,0.76,50.8,Laurel
105,1,168,Grid,63,0.83,50.8,Laurel
105,1,168,Grid,69,1.08,50.8,Laurel
105,1,168,Grid,65,1.19,50.8,Laurel
105,1,168,Grid,61,0.9,55.9,Laurel
105,1,168,Grid,61,1.32,55.9,Laurel
105,1,168,Grid,61,1.36,55.9,Laurel
105,1,168,Grid,61,0.92,58.4,Laurel
105,1,168,Grid,61,0.98,58.4,Laurel
105,1,168,Grid,61,1.07,58.4,Laurel
105,1,168,Grid,61,1.09,58.4,Laurel
105,1,168,Grid,63,1.47,58.4,Laurel
105,1,168,Grid,61,1.07,61,Laurel
105,1,168,Grid,65,1.32,61,Laurel
105,1,168,Grid,63,1.16,63.5,Laurel
105,1,168,Grid,63,1.18,63.5,Laurel
105,1,168,Grid,61,1.33,63.5,Laurel
105,1,168,Grid,63,0.92,66,Laurel
105,1,168,Grid,61,0.94,66,Laurel
105,1,168,Grid,61,1.03,66,Laurel
105,1,168,Grid,61,1.1,66,Laurel
105,1,168,Grid,61,1.2,66,Laurel
105,1,168,Grid,63,1.53,66,Laurel
105,1,168,Grid,63,1.62,66,Laurel
105,1,168,Grid,61,0.9,68.6,Laurel
105,1,168,Grid,63,0.96,68.6,Laurel
105,1,168,Grid,65,1.03,68.6,Laurel
105,1,168,Grid,61,1.4,68.6,Laurel
105,1,168,Grid,65,1.32,71.1,Laurel
105,1,168,Grid,61,1.39,71.1,Laurel
105,1,168,Grid,63,1.3,72.4,Laurel
105,1,168,Grid,65,1.41,73.7,Laurel
105,1,168,Grid,61,1.11,76.2,Laurel
105,1,168,Grid,61,1.14,76.2,Laurel
105,1,168,Grid,53,1.21,76.2,Laurel
105,1,168,Grid,67,1.24,76.2,Laurel
105,1,168,Grid,65,1.2,78.7,Laurel
105,1,168,Grid,63,1.48,78.7,Laurel
105,1,168,Grid,65,1.56,78.7,Laurel
105,1,168,Grid,63,1.57,78.7,Laurel
105,1,168,Grid,61,1.63,78.7,Laurel
105,1,168,Grid,63,1.89,78.7,Laurel
105,1,168,Grid,65,1.15,81.3,Laurel
105,1,168,Grid,61,1.39,81.3,Laurel
105,1,168,Grid,65,1.42,81.3,Laurel
105,1,168,Grid,61,1.55,81.3,Laurel
105,1,168,Grid,63,1.55,81.3,Laurel
105,1,168,Grid,65,1.68,81.3,Laurel
105,1,168,Grid,61,2.08,81.3,Laurel
105,1,168,Grid,61,1.33,83.8,Laurel
105,1,168,Grid,63,1.49,83.8,Laurel
105,1,168,Grid,63,1.47,86.4,Laurel
105,1,168,Grid,63,1.55,86.4,Laurel
105,1,168,Grid,67,1.64,86.4,Laurel
105,1,168,Grid,61,1.65,86.4,Laurel
105,1,168,Grid,65,1.72,86.4,Laurel
105,1,168,Grid,65,1.81,86.4,Laurel
105,1,168,Grid,61,1.92,88.9,Laurel
105,1,168,Grid,65,1.69,91.4,Laurel
105,1,168,Grid,61,1.86,91.4,Laurel
105,1,168,Grid,61,2.01,94,Laurel
105,1,168,Grid,63,2.4,94,Laurel
105,1,168,Grid,61,2.07,99.1,Laurel
105,1,168,Grid,61,2.08,101.6,Laurel
105,1,168,Grid,63,2.67,101.6,Laurel
107,1,56,Grid,61,0.63,40.6,Laurel
107,1,56,Grid,61,1.05,45.7,Laurel
107,1,56,Grid,61,0.96,53.3,Laurel
107,1,56,Grid,65,1.65,68.6,Laurel
107,1,56,Grid,61,1.36,73.7,Laurel
107,1,56,Grid,61,1.02,76.2,Laurel
107,1,56,Grid,61,2.22,81.3,Laurel
107,1,56,Grid,61,1.62,86.4,Laurel
107,1,56,Grid,67,1.64,86.4,Laurel
107,1,56,Grid,61,1.84,88.9,Laurel
107,1,56,Grid,61,2.51,99.1,Laurel
107,1,56,Grid,67,2.18,101.6,Laurel
107,1,56,Grid,63,2.48,106.7,Laurel
107,1,56,Grid,67,2.59,114.3,Laurel
107,1,56,Grid,65,2.58,116.8,Laurel
107,1,56,Grid,61,2.88,116.8,Laurel
107,1,56,Grid,61,3.09,116.8,Laurel
107,1,56,Grid,63,3.05,118.1,Laurel
107,1,56,Grid,69,2.82,119.4,Laurel
107,1,56,Grid,63,3.04,119.4,Laurel
107,1,56,Grid,69,3.4,119.4,Laurel
107,1,56,Grid,61,3.3,121.9,Laurel
107,1,56,Grid,63,3.98,124.5,Laurel
107,1,56,Grid,61,3.06,127,Laurel
107,1,56,Grid,69,3.18,127,Laurel
107,1,56,Grid,61,3.7,127,Laurel
107,1,56,Grid,63,3.35,129.5,Laurel
107,1,56,Grid,61,3.54,132.1,Laurel
107,1,56,Grid,67,3.83,134.6,Laurel
107,1,56,Grid,63,3.51,139.7,Laurel
107,1,56,Grid,65,4.17,139.7,Laurel
107,1,56,Grid,65,4.13,142.2,Laurel
108,1,28,Grid,25,na,12.7,Laurel
108,1,28,Grid,25,na,15.2,Laurel
108,1,28,Grid,61,1.53,76.2,Laurel
108,1,28,Grid,61,2.82,91.4,Laurel
108,1,28,Grid,61,1.98,96.5,Laurel
108,1,28,Grid,61,2.35,101.6,Laurel
108,1,28,Grid,65,2.01,106.7,Laurel
108,1,28,Grid,65,2.56,114.3,Laurel
108,1,28,Grid,69,3.27,114.3,Laurel
108,1,28,Grid,65,2.75,116.8,Laurel
108,1,28,Grid,65,2.76,116.8,Laurel
108,1,28,Grid,67,2.87,119.4,Laurel
108,1,28,Grid,67,3.11,121.9,Laurel
108,1,28,Grid,63,2.98,124.5,Laurel
108,1,28,Grid,65,2.95,127,Laurel
108,1,28,Grid,65,2.69,129.5,Laurel
108,1,28,Grid,69,2.88,129.5,Laurel
108,1,28,Grid,69,2.95,129.5,Laurel
108,1,28,Grid,65,3.08,129.5,Laurel
108,1,28,Grid,65,3.34,129.5,Laurel
108,1,28,Grid,67,3.39,129.5,Laurel
108,1,28,Grid,61,3.42,129.5,Laurel
108,1,28,Grid,69,3.53,129.5,Laurel
108,1,28,Grid,69,3.01,132.1,Laurel
108,1,28,Grid,65,3.2,132.1,Laurel
108,1,28,Grid,67,3.27,132.1,Laurel
108,1,28,Grid,63,3.38,132.1,Laurel
109,1,168,Row,61,0.42,25.4,Laurel
109,1,168,Row,59,0.46,30.5,Laurel
109,1,168,Row,61,0.61,40.6,Laurel
109,1,168,Row,67,0.72,43.2,Laurel
109,1,168,Row,63,0.62,45.7,Laurel
109,1,168,Row,61,0.84,45.7,Laurel
109,1,168,Row,61,1,48.3,Laurel
109,1,168,Row,63,0.59,50.8,Laurel
109,1,168,Row,63,0.7,53.3,Laurel
109,1,168,Row,61,0.8,53.3,Laurel
109,1,168,Row,61,0.95,53.3,Laurel
109,1,168,Row,61,0.98,53.3,Laurel
109,1,168,Row,61,1.06,53.3,Laurel
109,1,168,Row,61,0.94,54.6,Laurel
109,1,168,Row,61,0.78,55.9,Laurel
109,1,168,Row,61,0.85,55.9,Laurel
109,1,168,Row,65,0.86,55.9,Laurel
109,1,168,Row,61,0.88,55.9,Laurel
109,1,168,Row,61,0.93,55.9,Laurel
109,1,168,Row,65,0.97,55.9,Laurel
109,1,168,Row,61,1.1,55.9,Laurel
109,1,168,Row,61,1.43,55.9,Laurel
109,1,168,Row,61,0.78,58.4,Laurel
109,1,168,Row,63,0.79,58.4,Laurel
109,1,168,Row,61,0.91,58.4,Laurel
109,1,168,Row,61,0.97,58.4,Laurel
109,1,168,Row,69,1.01,58.4,Laurel
109,1,168,Row,61,1.41,58.4,Laurel
109,1,168,Row,61,1.57,58.4,Laurel
109,1,168,Row,65,0.76,61,Laurel
109,1,168,Row,61,1.01,61,Laurel
109,1,168,Row,63,1.05,61,Laurel
109,1,168,Row,61,1.22,61,Laurel
109,1,168,Row,63,0.67,63.5,Laurel
109,1,168,Row,61,1.1,63.5,Laurel
109,1,168,Row,65,1.03,66,Laurel
109,1,168,Row,65,1.04,66,Laurel
109,1,168,Row,65,1.12,66,Laurel
109,1,168,Row,65,1.06,67.3,Laurel
109,1,168,Row,65,1.02,68.6,Laurel
109,1,168,Row,63,1.23,68.6,Laurel
109,1,168,Row,65,1.28,68.6,Laurel
109,1,168,Row,61,1.53,68.6,Laurel
109,1,168,Row,61,1.6,68.6,Laurel
109,1,168,Row,59,1.72,68.6,Laurel
109,1,168,Row,65,1.05,71.1,Laurel
109,1,168,Row,65,1.09,71.1,Laurel
109,1,168,Row,65,1.12,71.1,Laurel
109,1,168,Row,59,1.22,71.1,Laurel
109,1,168,Row,65,1.23,71.1,Laurel
109,1,168,Row,65,1.34,71.1,Laurel
109,1,168,Row,63,1.48,71.1,Laurel
109,1,168,Row,67,1.67,72.4,Laurel
109,1,168,Row,65,1.2,73.7,Laurel
109,1,168,Row,63,1.44,73.7,Laurel
109,1,168,Row,63,1.56,73.7,Laurel
109,1,168,Row,61,1.18,76.2,Laurel
109,1,168,Row,65,1.56,76.2,Laurel
109,1,168,Row,65,1.68,76.2,Laurel
109,1,168,Row,61,1.09,78.7,Laurel
109,1,168,Row,67,1.37,78.7,Laurel
109,1,168,Row,63,1.5,78.7,Laurel
109,1,168,Row,61,1.64,78.7,Laurel
109,1,168,Row,67,1.16,81.3,Laurel
109,1,168,Row,63,1.3,81.3,Laurel
109,1,168,Row,67,1.6,81.3,Laurel
109,1,168,Row,65,1.61,81.3,Laurel
109,1,168,Row,67,1.66,81.3,Laurel
109,1,168,Row,67,1.74,81.3,Laurel
109,1,168,Row,61,1.76,81.3,Laurel
109,1,168,Row,65,1.81,81.3,Laurel
109,1,168,Row,65,1.19,83.8,Laurel
109,1,168,Row,63,1.42,83.8,Laurel
109,1,168,Row,65,1.8,83.8,Laurel
109,1,168,Row,65,1.8,83.8,Laurel
109,1,168,Row,63,2.01,83.8,Laurel
109,1,168,Row,61,1.22,86.4,Laurel
109,1,168,Row,65,1.42,86.4,Laurel
109,1,168,Row,63,1.52,86.4,Laurel
109,1,168,Row,69,1.69,86.4,Laurel
109,1,168,Row,65,1.72,86.4,Laurel
109,1,168,Row,65,1.81,88.9,Laurel
109,1,168,Row,67,1.92,88.9,Laurel
109,1,168,Row,65,1.93,88.9,Laurel
109,1,168,Row,65,1.96,88.9,Laurel
109,1,168,Row,65,0.29,91.4,Laurel
109,1,168,Row,67,1.01,91.4,Laurel
109,1,168,Row,69,1.63,91.4,Laurel
109,1,168,Row,65,1.69,91.4,Laurel
109,1,168,Row,65,1.76,91.4,Laurel
109,1,168,Row,63,2.24,91.4,Laurel
109,1,168,Row,67,1.81,94,Laurel
109,1,168,Row,63,1.93,94,Laurel
109,1,168,Row,61,2.09,94,Laurel
109,1,168,Row,63,1.73,96.5,Laurel
109,1,168,Row,67,2.08,96.5,Laurel
109,1,168,Row,63,2.18,96.5,Laurel
109,1,168,Row,61,2.42,96.5,Laurel
109,1,168,Row,69,1.88,99.1,Laurel
109,1,168,Row,69,2.32,101.6,Laurel
109,1,168,Row,61,2.7,116.8,Laurel
109,1,168,Row,63,1.64,170.2,Laurel
109,1,168,Row,69,1.7,172.7,Laurel
201,2,112,Grid,61,0.36,30.5,Laurel
201,2,112,Grid,61,0.4,43.2,Laurel
201,2,112,Grid,61,0.58,45.7,Laurel
201,2,112,Grid,61,0.58,48.3,Laurel
201,2,112,Grid,65,0.75,50.8,Laurel
201,2,112,Grid,67,0.88,55.9,Laurel
201,2,112,Grid,65,0.76,58.4,Laurel
201,2,112,Grid,65,0.97,58.4,Laurel
201,2,112,Grid,67,0.48,61,Laurel
201,2,112,Grid,67,1.08,61,Laurel
201,2,112,Grid,69,0.56,63.5,Laurel
201,2,112,Grid,69,0.88,63.5,Laurel
201,2,112,Grid,69,0.96,63.5,Laurel
201,2,112,Grid,65,0.54,66,Laurel
201,2,112,Grid,67,0.71,66,Laurel
201,2,112,Grid,61,1,66,Laurel
201,2,112,Grid,63,1.2,67.3,Laurel
201,2,112,Grid,71,1.08,68.6,Laurel
201,2,112,Grid,61,1.16,68.6,Laurel
201,2,112,Grid,69,1.2,68.6,Laurel
201,2,112,Grid,65,1.27,68.6,Laurel
201,2,112,Grid,67,1.05,71.1,Laurel
201,2,112,Grid,69,1.61,71.1,Laurel
201,2,112,Grid,71,1.35,73.7,Laurel
201,2,112,Grid,67,1.48,78.7,Laurel
201,2,112,Grid,67,1.29,81.3,Laurel
201,2,112,Grid,69,1.3,81.3,Laurel
201,2,112,Grid,69,1.67,81.3,Laurel
201,2,112,Grid,67,1.33,83.8,Laurel
201,2,112,Grid,63,1.41,83.8,Laurel
201,2,112,Grid,69,1.8,83.8,Laurel
201,2,112,Grid,69,1.36,86.4,Laurel
201,2,112,Grid,65,1.39,86.4,Laurel
201,2,112,Grid,69,1.62,86.4,Laurel
201,2,112,Grid,69,1.3,88.9,Laurel
201,2,112,Grid,65,1.58,88.9,Laurel
201,2,112,Grid,71,1.64,91.4,Laurel
201,2,112,Grid,69,2.04,91.4,Laurel
201,2,112,Grid,69,1.48,94,Laurel
201,2,112,Grid,69,1.6,94,Laurel
201,2,112,Grid,65,1.7,94,Laurel
201,2,112,Grid,61,1.87,94,Laurel
201,2,112,Grid,69,1.96,94,Laurel
201,2,112,Grid,69,2.06,94,Laurel
201,2,112,Grid,67,1.67,95.3,Laurel
201,2,112,Grid,67,1.67,96.5,Laurel
201,2,112,Grid,71,1.44,99.1,Laurel
201,2,112,Grid,69,1.64,99.1,Laurel
201,2,112,Grid,61,2.23,99.1,Laurel
201,2,112,Grid,67,1.87,101.6,Laurel
201,2,112,Grid,69,2.15,101.6,Laurel
201,2,112,Grid,69,1.73,104.1,Laurel
201,2,112,Grid,67,1.81,104.1,Laurel
201,2,112,Grid,67,1.97,106.7,Laurel
201,2,112,Grid,71,2.36,106.7,Laurel
201,2,112,Grid,65,2.39,106.7,Laurel
201,2,112,Grid,67,1.97,111.8,Laurel
201,2,112,Grid,71,2.03,111.8,Laurel
201,2,112,Grid,69,2.21,114.3,Laurel
202,2,168,Row,61,0.58,38.1,Laurel
202,2,168,Row,59,0.67,38.1,Laurel
202,2,168,Row,65,0.73,43.2,Laurel
202,2,168,Row,69,0.45,48.3,Laurel
202,2,168,Row,61,0.55,50.8,Laurel
202,2,168,Row,65,1.21,50.8,Laurel
202,2,168,Row,61,0.63,53.3,Laurel
202,2,168,Row,65,0.68,53.3,Laurel
202,2,168,Row,69,1.13,53.3,Laurel
202,2,168,Row,69,0.72,55.9,Laurel
202,2,168,Row,61,0.85,55.9,Laurel
202,2,168,Row,69,0.56,61,Laurel
202,2,168,Row,69,0.73,61,Laurel
202,2,168,Row,65,1.03,61,Laurel
202,2,168,Row,63,1.1,61,Laurel
202,2,168,Row,65,1.22,63.5,Laurel
202,2,168,Row,65,0.82,66,Laurel
202,2,168,Row,63,0.85,66,Laurel
202,2,168,Row,63,0.97,66,Laurel
202,2,168,Row,63,1.1,66,Laurel
202,2,168,Row,67,1.11,66,Laurel
202,2,168,Row,63,1.06,68.6,Laurel
202,2,168,Row,65,1.07,68.6,Laurel
202,2,168,Row,65,1.14,68.6,Laurel
202,2,168,Row,67,1.15,68.6,Laurel
202,2,168,Row,63,1.18,68.6,Laurel
202,2,168,Row,65,1.18,68.6,Laurel
202,2,168,Row,65,1.23,68.6,Laurel
202,2,168,Row,69,1.31,68.6,Laurel
202,2,168,Row,65,0.65,71.1,Laurel
202,2,168,Row,67,0.98,71.1,Laurel
202,2,168,Row,67,1.06,71.1,Laurel
202,2,168,Row,65,1.12,71.1,Laurel
202,2,168,Row,65,1.19,71.1,Laurel
202,2,168,Row,69,1.21,71.1,Laurel
202,2,168,Row,65,1.38,71.1,Laurel
202,2,168,Row,65,1.04,73.7,Laurel
202,2,168,Row,65,1.07,73.7,Laurel
202,2,168,Row,59,1.09,73.7,Laurel
202,2,168,Row,63,1.1,73.7,Laurel
202,2,168,Row,69,1.16,73.7,Laurel
202,2,168,Row,67,1.19,73.7,Laurel
202,2,168,Row,69,1.19,73.7,Laurel
202,2,168,Row,69,1.2,73.7,Laurel
202,2,168,Row,65,1.27,73.7,Laurel
202,2,168,Row,65,1.3,73.7,Laurel
202,2,168,Row,69,1.38,73.7,Laurel
202,2,168,Row,69,1.53,73.7,Laurel
202,2,168,Row,69,1.06,76.2,Laurel
202,2,168,Row,67,1.15,76.2,Laurel
202,2,168,Row,69,1.22,76.2,Laurel
202,2,168,Row,69,1.22,76.2,Laurel
202,2,168,Row,71,1.4,76.2,Laurel
202,2,168,Row,69,1.47,76.2,Laurel
202,2,168,Row,69,1.54,76.2,Laurel
202,2,168,Row,69,1.57,76.2,Laurel
202,2,168,Row,63,0.94,78.7,Laurel
202,2,168,Row,69,1.1,78.7,Laurel
202,2,168,Row,65,1.75,78.7,Laurel
202,2,168,Row,69,1.94,78.7,Laurel
202,2,168,Row,65,1.18,80,Laurel
202,2,168,Row,69,1.18,81.3,Laurel
202,2,168,Row,63,1.25,81.3,Laurel
202,2,168,Row,65,1.28,81.3,Laurel
202,2,168,Row,69,1.3,81.3,Laurel
202,2,168,Row,65,1.46,81.3,Laurel
202,2,168,Row,65,1.56,81.3,Laurel
202,2,168,Row,67,1.64,81.3,Laurel
202,2,168,Row,67,1.74,81.3,Laurel
202,2,168,Row,69,1.02,83.8,Laurel
202,2,168,Row,67,1.15,83.8,Laurel
202,2,168,Row,67,1.21,83.8,Laurel
202,2,168,Row,69,1.23,83.8,Laurel
202,2,168,Row,67,1.25,83.8,Laurel
202,2,168,Row,65,1.29,83.8,Laurel
202,2,168,Row,67,1.32,83.8,Laurel
202,2,168,Row,67,1.48,83.8,Laurel
202,2,168,Row,67,1.52,83.8,Laurel
202,2,168,Row,63,1.69,83.8,Laurel
202,2,168,Row,67,1.17,86.4,Laurel
202,2,168,Row,63,1.33,86.4,Laurel
202,2,168,Row,69,1.35,86.4,Laurel
202,2,168,Row,69,1.38,86.4,Laurel
202,2,168,Row,67,1.4,86.4,Laurel
202,2,168,Row,67,1.4,86.4,Laurel
202,2,168,Row,67,1.49,86.4,Laurel
202,2,168,Row,69,1.55,86.4,Laurel
202,2,168,Row,69,1.6,86.4,Laurel
202,2,168,Row,69,1.62,86.4,Laurel
202,2,168,Row,69,1.63,86.4,Laurel
202,2,168,Row,63,1.25,88.9,Laurel
202,2,168,Row,69,1.66,88.9,Laurel
202,2,168,Row,67,1.71,88.9,Laurel
202,2,168,Row,69,1.02,91.4,Laurel
202,2,168,Row,69,1.23,91.4,Laurel
202,2,168,Row,69,1.35,91.4,Laurel
202,2,168,Row,67,1.46,91.4,Laurel
202,2,168,Row,65,1.47,91.4,Laurel
202,2,168,Row,69,1.48,91.4,Laurel
202,2,168,Row,69,1.55,91.4,Laurel
202,2,168,Row,65,1.59,92.7,Laurel
202,2,168,Row,69,1.71,92.7,Laurel
202,2,168,Row,69,1.52,94,Laurel
202,2,168,Row,69,1.61,94,Laurel
202,2,168,Row,65,1.71,94,Laurel
202,2,168,Row,69,1.8,94,Laurel
202,2,168,Row,69,1.85,94,Laurel
202,2,168,Row,59,1.88,94,Laurel
202,2,168,Row,69,1.9,94,Laurel
202,2,168,Row,69,1.9,94,Laurel
202,2,168,Row,65,2.34,94,Laurel
202,2,168,Row,65,1.45,96.5,Laurel
202,2,168,Row,67,1.51,96.5,Laurel
202,2,168,Row,65,1.86,96.5,Laurel
202,2,168,Row,65,2.06,96.5,Laurel
202,2,168,Row,67,2.34,96.5,Laurel
202,2,168,Row,69,1.58,99.1,Laurel
202,2,168,Row,67,1.9,99.1,Laurel
202,2,168,Row,71,2.05,99.1,Laurel
202,2,168,Row,65,2.07,99.1,Laurel
202,2,168,Row,69,1.43,101.6,Laurel
202,2,168,Row,69,1.83,101.6,Laurel
202,2,168,Row,67,2.04,101.6,Laurel
202,2,168,Row,69,2.29,101.6,Laurel
202,2,168,Row,65,1.74,104.1,Laurel
202,2,168,Row,67,1.93,104.1,Laurel
202,2,168,Row,69,1.94,104.1,Laurel
202,2,168,Row,67,1.95,104.1,Laurel
202,2,168,Row,69,2.26,104.1,Laurel
202,2,168,Row,69,2.31,104.1,Laurel
202,2,168,Row,65,2.37,104.1,Laurel
202,2,168,Row,67,2.15,109.2,Laurel
202,2,168,Row,65,2.24,109.2,Laurel
202,2,168,Row,69,2.59,111.8,Laurel
202,2,168,Row,71,2.93,114.3,Laurel
202,2,168,Row,65,3.11,116.8,Laurel
203,2,112,Row,25,0.41,17.8,Laurel
203,2,112,Row,61,0.77,35.6,Laurel
203,2,112,Row,61,0.71,45.7,Laurel
203,2,112,Row,61,0.7,48.3,Laurel
203,2,112,Row,61,0.78,48.3,Laurel
203,2,112,Row,63,0.77,53.3,Laurel
203,2,112,Row,61,0.93,55.9,Laurel
203,2,112,Row,61,1.2,58.4,Laurel
203,2,112,Row,65,2.62,58.4,Laurel
203,2,112,Row,65,1.19,61,Laurel
203,2,112,Row,63,1.32,61,Laurel
203,2,112,Row,59,1.24,68.6,Laurel
203,2,112,Row,61,1.25,68.6,Laurel
203,2,112,Row,61,1.33,68.6,Laurel
203,2,112,Row,61,1.45,68.6,Laurel
203,2,112,Row,63,1.27,71.1,Laurel
203,2,112,Row,61,1.31,71.1,Laurel
203,2,112,Row,61,1.41,71.1,Laurel
203,2,112,Row,65,1.44,71.1,Laurel
203,2,112,Row,61,1.37,73.7,Laurel
203,2,112,Row,61,1.9,73.7,Laurel
203,2,112,Row,61,2.08,73.7,Laurel
203,2,112,Row,61,1.69,78.7,Laurel
203,2,112,Row,61,1.75,78.7,Laurel
203,2,112,Row,61,2.18,81.3,Laurel
203,2,112,Row,61,1.36,83.8,Laurel
203,2,112,Row,63,1.75,83.8,Laurel
203,2,112,Row,69,1.78,83.8,Laurel
203,2,112,Row,59,1.76,86.4,Laurel
203,2,112,Row,61,1.72,88.9,Laurel
203,2,112,Row,63,1.72,88.9,Laurel
203,2,112,Row,65,1.89,88.9,Laurel
203,2,112,Row,69,1.91,88.9,Laurel
203,2,112,Row,63,1.71,91.4,Laurel
203,2,112,Row,61,1.52,94,Laurel
203,2,112,Row,61,2.01,94,Laurel
203,2,112,Row,67,1.94,96.5,Laurel
203,2,112,Row,61,2.11,96.5,Laurel
203,2,112,Row,61,2.23,96.5,Laurel
203,2,112,Row,61,2.01,99.1,Laurel
203,2,112,Row,67,2.31,99.1,Laurel
203,2,112,Row,69,2.35,99.1,Laurel
203,2,112,Row,63,2.12,100.3,Laurel
203,2,112,Row,65,1.88,101.6,Laurel
203,2,112,Row,63,2.27,101.6,Laurel
203,2,112,Row,67,2.33,101.6,Laurel
203,2,112,Row,61,2.56,101.6,Laurel
203,2,112,Row,65,1.98,104.1,Laurel
203,2,112,Row,61,2.05,104.1,Laurel
203,2,112,Row,63,2.1,104.1,Laurel
203,2,112,Row,65,2.32,104.1,Laurel
203,2,112,Row,65,2.41,104.1,Laurel
203,2,112,Row,61,2.54,106.7,Laurel
203,2,112,Row,67,2.58,111.8,Laurel
203,2,112,Row,69,2.72,111.8,Laurel
203,2,112,Row,67,2.92,116.8,Laurel
203,2,112,Row,65,2.93,142.2,Laurel
204,2,56,Row,61,0.41,30.5,Laurel
204,2,56,Row,63,0.23,38.1,Laurel
204,2,56,Row,61,0.76,55.9,Laurel
204,2,56,Row,63,0.87,55.9,Laurel
204,2,56,Row,61,0.91,58.4,Laurel
204,2,56,Row,65,1.53,68.6,Laurel
204,2,56,Row,69,1.37,73.7,Laurel
204,2,56,Row,67,1.44,76.2,Laurel
204,2,56,Row,63,2.25,76.2,Laurel
204,2,56,Row,65,1.61,78.7,Laurel
204,2,56,Row,61,1.81,78.7,Laurel
204,2,56,Row,63,1.68,81.3,Laurel
204,2,56,Row,65,1.97,81.3,Laurel
204,2,56,Row,65,1.6,83.8,Laurel
204,2,56,Row,69,2.15,83.8,Laurel
204,2,56,Row,69,1.59,86.4,Laurel
204,2,56,Row,65,1.59,87.6,Laurel
204,2,56,Row,69,1.59,88.9,Laurel
204,2,56,Row,63,2.3,88.9,Laurel
204,2,56,Row,65,1.43,91.4,Laurel
204,2,56,Row,65,2.08,91.4,Laurel
204,2,56,Row,69,2.21,91.4,Laurel
204,2,56,Row,61,1.16,94,Laurel
204,2,56,Row,65,2.25,94,Laurel
204,2,56,Row,69,1.34,96.5,Laurel
204,2,56,Row,69,1.69,96.5,Laurel
204,2,56,Row,65,1.93,96.5,Laurel
204,2,56,Row,65,2.07,96.5,Laurel
204,2,56,Row,63,2.13,96.5,Laurel
204,2,56,Row,67,2.22,96.5,Laurel
204,2,56,Row,67,2.48,96.5,Laurel
204,2,56,Row,67,2.03,99.1,Laurel
204,2,56,Row,63,2.41,99.1,Laurel
204,2,56,Row,67,2.45,101.6,Laurel
204,2,56,Row,69,2.92,101.6,Laurel
204,2,56,Row,65,2.5,104.1,Laurel
204,2,56,Row,69,2.41,106.7,Laurel
204,2,56,Row,69,2.85,106.7,Laurel
204,2,56,Row,61,2.92,106.7,Laurel
204,2,56,Row,67,2.66,109.2,Laurel
204,2,56,Row,69,2.46,111.8,Laurel
204,2,56,Row,69,2.81,111.8,Laurel
204,2,56,Row,67,2.98,121.9,Laurel
204,2,56,Row,65,3.12,124.5,Laurel
204,2,56,Row,69,3.28,124.5,Laurel
206,2,56,Grid,25,na,17.8,Laurel
206,2,56,Grid,25,0.26,20.3,Laurel
206,2,56,Grid,61,0.74,30.5,Laurel
206,2,56,Grid,61,0.54,38.1,Laurel
206,2,56,Grid,59,1.16,38.1,Laurel
206,2,56,Grid,61,0.56,43.2,Laurel
206,2,56,Grid,61,1.05,50.8,Laurel
206,2,56,Grid,61,1.42,50.8,Laurel
206,2,56,Grid,67,0.89,55.9,Laurel
206,2,56,Grid,61,1.06,55.9,Laurel
206,2,56,Grid,61,1.08,55.9,Laurel
206,2,56,Grid,61,1.4,55.9,Laurel
206,2,56,Grid,61,0.92,58.4,Laurel
206,2,56,Grid,61,1.11,58.4,Laurel
206,2,56,Grid,61,1.63,63.5,Laurel
206,2,56,Grid,61,1.6,71.1,Laurel
206,2,56,Grid,63,1.14,76.2,Laurel
206,2,56,Grid,63,1.79,76.2,Laurel
206,2,56,Grid,61,1.98,76.2,Laurel
206,2,56,Grid,61,1.35,78.7,Laurel
206,2,56,Grid,63,1.5,78.7,Laurel
206,2,56,Grid,59,2.18,81.3,Laurel
206,2,56,Grid,65,1.77,83.8,Laurel
206,2,56,Grid,61,1.85,86.4,Laurel
206,2,56,Grid,61,2,86.4,Laurel
206,2,56,Grid,63,2.29,88.9,Laurel
206,2,56,Grid,61,2.34,91.4,Laurel
206,2,56,Grid,61,2.58,91.4,Laurel
206,2,56,Grid,61,1.77,94,Laurel
206,2,56,Grid,61,2.19,94,Laurel
206,2,56,Grid,61,2.4,94,Laurel
206,2,56,Grid,61,2.19,96.5,Laurel
206,2,56,Grid,61,1.52,99.1,Laurel
206,2,56,Grid,65,2.45,101.6,Laurel
206,2,56,Grid,61,2.76,101.6,Laurel
206,2,56,Grid,69,1.9,104.1,Laurel
206,2,56,Grid,67,3.56,111.8,Laurel
206,2,56,Grid,63,3.59,111.8,Laurel
206,2,56,Grid,63,3.19,114.3,Laurel
206,2,56,Grid,61,2.82,116.8,Laurel
206,2,56,Grid,67,3,119.4,Laurel
206,2,56,Grid,67,2.79,121.9,Laurel
206,2,56,Grid,63,3.85,127,Laurel
206,2,56,Grid,61,3.31,129.5,Laurel
206,2,56,Grid,63,3.57,132.1,Laurel
206,2,56,Grid,67,3.54,134.6,Laurel
207,2,28,Row,25,na,15.2,Laurel
207,2,28,Row,25,na,17.8,Laurel
207,2,28,Row,25,na,25.4,Laurel
207,2,28,Row,61,1.5,73.7,Laurel
207,2,28,Row,63,2.23,81.3,Laurel
207,2,28,Row,67,2.97,81.3,Laurel
207,2,28,Row,65,2.24,86.4,Laurel
207,2,28,Row,63,2.89,91.4,Laurel
207,2,28,Row,67,2.05,94,Laurel
207,2,28,Row,63,2.13,94,Laurel
207,2,28,Row,65,2.49,94,Laurel
207,2,28,Row,61,1.9,96.5,Laurel
207,2,28,Row,65,2.74,96.5,Laurel
207,2,28,Row,65,2.33,104.1,Laurel
207,2,28,Row,61,2.86,104.1,Laurel
207,2,28,Row,63,3.03,104.1,Laurel
207,2,28,Row,63,3.04,104.1,Laurel
207,2,28,Row,65,2.45,106.7,Laurel
207,2,28,Row,61,2.98,109.2,Laurel
207,2,28,Row,63,2.19,111.8,Laurel
207,2,28,Row,63,2.75,111.8,Laurel
207,2,28,Row,67,2.82,111.8,Laurel
207,2,28,Row,61,2.98,111.8,Laurel
207,2,28,Row,67,3.09,111.8,Laurel
207,2,28,Row,63,2.84,116.8,Laurel
207,2,28,Row,65,3.2,116.8,Laurel
207,2,28,Row,63,3.66,116.8,Laurel
207,2,28,Row,65,3.68,116.8,Laurel
207,2,28,Row,63,3.88,116.8,Laurel
207,2,28,Row,63,3.65,124.5,Laurel
207,2,28,Row,67,2.85,129.5,Laurel
208,2,28,Grid,47,2.08,33,Laurel
208,2,28,Grid,61,0.72,48.3,Laurel
208,2,28,Grid,61,1.82,66,Laurel
208,2,28,Grid,59,2.87,91.4,Laurel
208,2,28,Grid,65,2.56,94,Laurel
208,2,28,Grid,63,2.77,96.5,Laurel
208,2,28,Grid,61,2.19,99.1,Laurel
208,2,28,Grid,61,2.41,101.6,Laurel
208,2,28,Grid,61,2.64,101.6,Laurel
208,2,28,Grid,61,3.42,104.1,Laurel
208,2,28,Grid,65,2.71,106.7,Laurel
208,2,28,Grid,63,2.78,106.7,Laurel
208,2,28,Grid,63,3.04,106.7,Laurel
208,2,28,Grid,61,3.82,106.7,Laurel
208,2,28,Grid,63,2.36,109.2,Laurel
208,2,28,Grid,63,2.58,109.2,Laurel
208,2,28,Grid,65,3,109.2,Laurel
208,2,28,Grid,61,3.05,109.2,Laurel
208,2,28,Grid,61,2.55,111.8,Laurel
208,2,28,Grid,63,2.94,111.8,Laurel
208,2,28,Grid,63,2.98,116.8,Laurel
208,2,28,Grid,63,3.13,116.8,Laurel
208,2,28,Grid,65,3.98,119.4,Laurel
208,2,28,Grid,63,2.86,121.9,Laurel
208,2,28,Grid,63,2.87,127,Laurel
209,2,168,Grid,61,0.94,35.6,Laurel
209,2,168,Grid,61,0.53,38.1,Laurel
209,2,168,Grid,61,0.5,40.6,Laurel
209,2,168,Grid,61,0.82,40.6,Laurel
209,2,168,Grid,61,0.95,43.2,Laurel
209,2,168,Grid,61,0.71,45.7,Laurel
209,2,168,Grid,61,1.03,45.7,Laurel
209,2,168,Grid,69,1.68,45.7,Laurel
209,2,168,Grid,61,0.52,50.8,Laurel
209,2,168,Grid,61,0.83,53.3,Laurel
209,2,168,Grid,61,1.12,53.3,Laurel
209,2,168,Grid,61,1.03,55.9,Laurel
209,2,168,Grid,61,1.04,55.9,Laurel
209,2,168,Grid,69,1.34,55.9,Laurel
209,2,168,Grid,65,0.83,58.4,Laurel
209,2,168,Grid,61,1.22,58.4,Laurel
209,2,168,Grid,61,0.96,61,Laurel
209,2,168,Grid,65,1.27,61,Laurel
209,2,168,Grid,61,0.93,66,Laurel
209,2,168,Grid,67,0.98,66,Laurel
209,2,168,Grid,61,1.09,66,Laurel
209,2,168,Grid,65,1.07,68.6,Laurel
209,2,168,Grid,65,1.2,68.6,Laurel
209,2,168,Grid,65,1.36,68.6,Laurel
209,2,168,Grid,61,1.42,68.6,Laurel
209,2,168,Grid,69,1.49,68.6,Laurel
209,2,168,Grid,69,1.9,68.6,Laurel
209,2,168,Grid,67,1.37,69.9,Laurel
209,2,168,Grid,67,1.34,73.7,Laurel
209,2,168,Grid,61,2.16,73.7,Laurel
209,2,168,Grid,61,1.32,76.2,Laurel
209,2,168,Grid,61,1.43,76.2,Laurel
209,2,168,Grid,69,1.49,76.2,Laurel
209,2,168,Grid,67,1.05,78.7,Laurel
209,2,168,Grid,63,1.27,78.7,Laurel
209,2,168,Grid,65,1.66,78.7,Laurel
209,2,168,Grid,63,1.73,78.7,Laurel
209,2,168,Grid,67,1.76,78.7,Laurel
209,2,168,Grid,69,1.37,80,Laurel
209,2,168,Grid,61,1.48,80,Laurel
209,2,168,Grid,69,1.35,81.3,Laurel
209,2,168,Grid,69,1.42,81.3,Laurel
209,2,168,Grid,69,1.51,81.3,Laurel
209,2,168,Grid,69,1.54,81.3,Laurel
209,2,168,Grid,61,1.66,81.3,Laurel
209,2,168,Grid,61,1.09,83.8,Laurel
209,2,168,Grid,61,1.17,83.8,Laurel
209,2,168,Grid,65,1.22,83.8,Laurel
209,2,168,Grid,61,1.3,83.8,Laurel
209,2,168,Grid,61,1.36,83.8,Laurel
209,2,168,Grid,65,1.36,83.8,Laurel
209,2,168,Grid,69,1.36,83.8,Laurel
209,2,168,Grid,69,1.37,83.8,Laurel
209,2,168,Grid,61,1.55,83.8,Laurel
209,2,168,Grid,61,1.62,83.8,Laurel
209,2,168,Grid,61,1.79,83.8,Laurel
209,2,168,Grid,61,1.85,83.8,Laurel
209,2,168,Grid,61,1.86,83.8,Laurel
209,2,168,Grid,71,2.02,85.1,Laurel
209,2,168,Grid,59,1.12,86.4,Laurel
209,2,168,Grid,69,1.45,86.4,Laurel
209,2,168,Grid,69,1.71,86.4,Laurel
209,2,168,Grid,61,1.73,86.4,Laurel
209,2,168,Grid,61,1.82,86.4,Laurel
209,2,168,Grid,65,1.82,86.4,Laurel
209,2,168,Grid,61,1.84,86.4,Laurel
209,2,168,Grid,65,2.08,86.4,Laurel
209,2,168,Grid,69,2.09,86.4,Laurel
209,2,168,Grid,65,1.42,88.9,Laurel
209,2,168,Grid,67,1.42,88.9,Laurel
209,2,168,Grid,69,1.52,88.9,Laurel
209,2,168,Grid,61,1.69,88.9,Laurel
209,2,168,Grid,61,1.7,88.9,Laurel
209,2,168,Grid,69,1.78,88.9,Laurel
209,2,168,Grid,69,1.79,88.9,Laurel
209,2,168,Grid,61,1.96,88.9,Laurel
209,2,168,Grid,61,2.06,88.9,Laurel
209,2,168,Grid,67,2.18,88.9,Laurel
209,2,168,Grid,69,1.59,91.4,Laurel
209,2,168,Grid,69,1.8,91.4,Laurel
209,2,168,Grid,67,1.81,91.4,Laurel
209,2,168,Grid,65,1.83,91.4,Laurel
209,2,168,Grid,61,1.86,91.4,Laurel
209,2,168,Grid,69,2,91.4,Laurel
209,2,168,Grid,69,2.01,91.4,Laurel
209,2,168,Grid,61,2.03,91.4,Laurel
209,2,168,Grid,69,1.28,94,Laurel
209,2,168,Grid,69,1.4,94,Laurel
209,2,168,Grid,69,1.56,94,Laurel
209,2,168,Grid,69,1.72,94,Laurel
209,2,168,Grid,69,1.75,94,Laurel
209,2,168,Grid,65,1.86,94,Laurel
209,2,168,Grid,69,1.86,94,Laurel
209,2,168,Grid,69,1.91,94,Laurel
209,2,168,Grid,69,2.04,94,Laurel
209,2,168,Grid,69,2.08,94,Laurel
209,2,168,Grid,69,2.09,94,Laurel
209,2,168,Grid,69,2.27,94,Laurel
209,2,168,Grid,65,1.8,95.3,Laurel
209,2,168,Grid,69,1.54,96.5,Laurel
209,2,168,Grid,69,1.81,96.5,Laurel
209,2,168,Grid,61,2.31,96.5,Laurel
209,2,168,Grid,69,1.69,99.1,Laurel
209,2,168,Grid,69,1.74,99.1,Laurel
209,2,168,Grid,67,1.9,99.1,Laurel
209,2,168,Grid,69,2.44,99.1,Laurel
209,2,168,Grid,69,2.49,99.1,Laurel
209,2,168,Grid,69,1.64,101.6,Laurel
209,2,168,Grid,69,1.89,101.6,Laurel
209,2,168,Grid,67,1.94,101.6,Laurel
209,2,168,Grid,61,2.05,101.6,Laurel
209,2,168,Grid,69,2.36,101.6,Laurel
209,2,168,Grid,67,2.58,101.6,Laurel
209,2,168,Grid,69,3.07,102.9,Laurel
209,2,168,Grid,69,1.79,104.1,Laurel
209,2,168,Grid,65,2.07,104.1,Laurel
209,2,168,Grid,61,2.13,104.1,Laurel
209,2,168,Grid,67,2.49,106.7,Laurel
209,2,168,Grid,61,2.67,106.7,Laurel
209,2,168,Grid,67,2.05,109.2,Laurel
209,2,168,Grid,67,2.31,109.2,Laurel
209,2,168,Grid,69,2.46,109.2,Laurel
209,2,168,Grid,63,2.25,113,Laurel
209,2,168,Grid,69,2.43,114.3,Laurel
301,3,56,Grid,25,na,15.2,Laurel
301,3,56,Grid,25,na,15.2,Laurel
301,3,56,Grid,25,na,17.8,Laurel
301,3,56,Grid,25,na,17.8,Laurel
301,3,56,Grid,61,0.37,38.1,Laurel
301,3,56,Grid,59,0.36,43.2,Laurel
301,3,56,Grid,61,0.75,53.3,Laurel
301,3,56,Grid,65,0.89,58.4,Laurel
301,3,56,Grid,63,0.6,63.5,Laurel
301,3,56,Grid,61,0.66,63.5,Laurel
301,3,56,Grid,69,0.69,71.1,Laurel
301,3,56,Grid,63,1.65,71.1,Laurel
301,3,56,Grid,61,1.47,73.7,Laurel
301,3,56,Grid,63,1.16,76.2,Laurel
301,3,56,Grid,61,1.64,76.2,Laurel
301,3,56,Grid,65,1.26,78.7,Laurel
301,3,56,Grid,63,1.77,81.3,Laurel
301,3,56,Grid,61,1.78,81.3,Laurel
301,3,56,Grid,69,1.35,83.8,Laurel
301,3,56,Grid,61,1.38,83.8,Laurel
301,3,56,Grid,69,1.33,86.4,Laurel
301,3,56,Grid,65,1.5,86.4,Laurel
301,3,56,Grid,67,1.76,86.4,Laurel
301,3,56,Grid,63,1.81,86.4,Laurel
301,3,56,Grid,65,1.94,86.4,Laurel
301,3,56,Grid,61,1.99,88.9,Laurel
301,3,56,Grid,67,1.48,91.4,Laurel
301,3,56,Grid,63,1.93,94,Laurel
301,3,56,Grid,67,2.93,94,Laurel
301,3,56,Grid,63,1.74,96.5,Laurel
301,3,56,Grid,69,1.83,96.5,Laurel
301,3,56,Grid,65,2.27,96.5,Laurel
301,3,56,Grid,69,2.73,99.1,Laurel
301,3,56,Grid,69,1.68,101.6,Laurel
301,3,56,Grid,65,2.25,101.6,Laurel
301,3,56,Grid,69,1.73,106.7,Laurel
301,3,56,Grid,65,2.25,109.2,Laurel
301,3,56,Grid,67,2.28,109.2,Laurel
301,3,56,Grid,67,2.29,109.2,Laurel
301,3,56,Grid,63,2.54,109.2,Laurel
301,3,56,Grid,63,2.82,109.2,Laurel
301,3,56,Grid,67,2.02,111.8,Laurel
301,3,56,Grid,67,2.65,111.8,Laurel
301,3,56,Grid,69,2.71,111.8,Laurel
301,3,56,Grid,69,1.94,114.3,Laurel
301,3,56,Grid,61,2.51,124.5,Laurel
301,3,56,Grid,63,3.44,124.5,Laurel
301,3,56,Grid,63,3.2,127,Laurel
301,3,56,Grid,65,3.59,127,Laurel
301,3,56,Grid,67,3.16,129.5,Laurel
302,3,28,Grid,25,na,15.2,Laurel
302,3,28,Grid,25,na,20.3,Laurel
302,3,28,Grid,25,na,20.3,Laurel
302,3,28,Grid,30,na,25.4,Laurel
302,3,28,Grid,65,0.55,53.3,Laurel
302,3,28,Grid,59,0.69,73.7,Laurel
302,3,28,Grid,63,1.32,83.8,Laurel
302,3,28,Grid,61,1.83,86.4,Laurel
302,3,28,Grid,59,2.66,86.4,Laurel
302,3,28,Grid,61,1.68,91.4,Laurel
302,3,28,Grid,61,1.82,94,Laurel
302,3,28,Grid,61,2.41,99.1,Laurel
302,3,28,Grid,61,2.63,99.1,Laurel
302,3,28,Grid,65,2.69,101.6,Laurel
302,3,28,Grid,65,2.04,109.2,Laurel
302,3,28,Grid,63,2.91,111.8,Laurel
302,3,28,Grid,67,3.34,111.8,Laurel
302,3,28,Grid,61,3.04,114.3,Laurel
302,3,28,Grid,65,3.08,114.3,Laurel
302,3,28,Grid,61,2.64,116.8,Laurel
302,3,28,Grid,67,2.66,116.8,Laurel
302,3,28,Grid,61,2.42,119.4,Laurel
302,3,28,Grid,65,2.78,121.9,Laurel
302,3,28,Grid,67,3.11,121.9,Laurel
302,3,28,Grid,63,3.52,121.9,Laurel
302,3,28,Grid,69,3.82,121.9,Laurel
302,3,28,Grid,69,2.81,124.5,Laurel
302,3,28,Grid,61,3.41,124.5,Laurel
302,3,28,Grid,63,3.45,124.5,Laurel
302,3,28,Grid,69,3.28,127,Laurel
302,3,28,Grid,61,3.31,129.5,Laurel
302,3,28,Grid,65,3.04,132.1,Laurel
302,3,28,Grid,67,3.69,134.6,Laurel
302,3,28,Grid,67,4.17,139.7,Laurel
302,3,28,Grid,63,4.32,139.7,Laurel
302,3,28,Grid,67,4.06,154.9,Laurel
303,3,112,Row,61,0.47,35.6,Laurel
303,3,112,Row,59,0.77,43.2,Laurel
303,3,112,Row,63,0.96,43.2,Laurel
303,3,112,Row,59,0.79,58.4,Laurel
303,3,112,Row,65,0.86,58.4,Laurel
303,3,112,Row,65,1.61,58.4,Laurel
303,3,112,Row,61,0.84,61,Laurel
303,3,112,Row,63,0.99,61,Laurel
303,3,112,Row,61,0.57,63.5,Laurel
303,3,112,Row,61,0.79,66,Laurel
303,3,112,Row,69,1.09,73.7,Laurel
303,3,112,Row,61,1.08,76.2,Laurel
303,3,112,Row,61,1.02,78.7,Laurel
303,3,112,Row,61,1.48,81.3,Laurel
303,3,112,Row,59,1.22,83.8,Laurel
303,3,112,Row,65,1.22,83.8,Laurel
303,3,112,Row,65,1.59,86.4,Laurel
303,3,112,Row,63,1.77,86.4,Laurel
303,3,112,Row,61,1.41,88.9,Laurel
303,3,112,Row,63,1.65,88.9,Laurel
303,3,112,Row,65,1.83,88.9,Laurel
303,3,112,Row,63,2.19,88.9,Laurel
303,3,112,Row,65,1.47,91.4,Laurel
303,3,112,Row,63,1.49,91.4,Laurel
303,3,112,Row,61,1.53,91.4,Laurel
303,3,112,Row,63,1.83,91.4,Laurel
303,3,112,Row,69,1.68,94,Laurel
303,3,112,Row,63,1.71,94,Laurel
303,3,112,Row,69,1.71,94,Laurel
303,3,112,Row,65,1.8,94,Laurel
303,3,112,Row,63,1.82,94,Laurel
303,3,112,Row,69,1.88,94,Laurel
303,3,112,Row,63,1.37,96.5,Laurel
303,3,112,Row,67,1.81,96.5,Laurel
303,3,112,Row,67,1.93,96.5,Laurel
303,3,112,Row,67,1.96,96.5,Laurel
303,3,112,Row,69,2.08,96.5,Laurel
303,3,112,Row,67,1.72,99.1,Laurel
303,3,112,Row,61,2.03,99.1,Laurel
303,3,112,Row,61,1.48,101.6,Laurel
303,3,112,Row,65,2.24,101.6,Laurel
303,3,112,Row,67,1.56,104.1,Laurel
303,3,112,Row,65,1.78,104.1,Laurel
303,3,112,Row,61,2.12,104.1,Laurel
303,3,112,Row,65,1.73,106.7,Laurel
303,3,112,Row,63,1.78,106.7,Laurel
303,3,112,Row,69,1.94,106.7,Laurel
303,3,112,Row,61,2.1,106.7,Laurel
303,3,112,Row,63,2.378,106.7,Laurel
303,3,112,Row,69,1.96,109.2,Laurel
303,3,112,Row,67,2.08,109.2,Laurel
303,3,112,Row,69,2.15,109.2,Laurel
303,3,112,Row,69,1.96,111.8,Laurel
303,3,112,Row,59,2.89,111.8,Laurel
303,3,112,Row,65,1.97,114.3,Laurel
303,3,112,Row,67,2.49,114.3,Laurel
303,3,112,Row,67,2.66,114.3,Laurel
303,3,112,Row,65,2.46,116.8,Laurel
303,3,112,Row,67,2.58,116.8,Laurel
303,3,112,Row,67,2.59,116.8,Laurel
303,3,112,Row,67,2.6,116.8,Laurel
303,3,112,Row,37,3.15,116.8,Laurel
303,3,112,Row,63,2.87,124.5,Laurel
303,3,112,Row,69,3.56,124.5,Laurel
304,3,28,Row,25,na,17.8,Laurel
304,3,28,Row,25,na,22.9,Laurel
304,3,28,Row,61,0.63,53.3,Laurel
304,3,28,Row,59,1.23,58.4,Laurel
304,3,28,Row,63,1.78,78.7,Laurel
304,3,28,Row,61,2.17,78.7,Laurel
304,3,28,Row,59,2.19,94,Laurel
304,3,28,Row,61,2.8,94,Laurel
304,3,28,Row,61,2.18,99.1,Laurel
304,3,28,Row,61,2.83,99.1,Laurel
304,3,28,Row,61,2.82,101.6,Laurel
304,3,28,Row,67,2.65,109.2,Laurel
304,3,28,Row,61,2.85,109.2,Laurel
304,3,28,Row,65,3.12,109.2,Laurel
304,3,28,Row,67,2.37,111.8,Laurel
304,3,28,Row,69,2.29,114.3,Laurel
304,3,28,Row,61,2.73,114.3,Laurel
304,3,28,Row,63,2.77,114.3,Laurel
304,3,28,Row,61,3.3,116.8,Laurel
304,3,28,Row,61,3.54,121.9,Laurel
304,3,28,Row,61,3.35,124.5,Laurel
304,3,28,Row,25,na,188,Laurel
305,3,112,Grid,30,0.56,25.4,Laurel
305,3,112,Grid,49,0.93,35.6,Laurel
305,3,112,Grid,61,0.54,48.3,Laurel
305,3,112,Grid,59,1.66,53.3,Laurel
305,3,112,Grid,61,0.54,55.9,Laurel
305,3,112,Grid,63,0.78,61,Laurel
305,3,112,Grid,65,1,71.1,Laurel
305,3,112,Grid,63,1.12,73.7,Laurel
305,3,112,Grid,69,0.83,76.2,Laurel
305,3,112,Grid,65,1.15,78.7,Laurel
305,3,112,Grid,69,1.3,81.3,Laurel
305,3,112,Grid,67,1.43,81.3,Laurel
305,3,112,Grid,69,1.48,81.3,Laurel
305,3,112,Grid,67,1.44,83.8,Laurel
305,3,112,Grid,69,1.32,86.4,Laurel
305,3,112,Grid,69,1.48,86.4,Laurel
305,3,112,Grid,69,2.05,86.4,Laurel
305,3,112,Grid,69,1,88.9,Laurel
305,3,112,Grid,69,1.23,88.9,Laurel
305,3,112,Grid,69,1.57,91.4,Laurel
305,3,112,Grid,69,1.2,94,Laurel
305,3,112,Grid,69,1.29,96.5,Laurel
305,3,112,Grid,69,1.99,96.5,Laurel
305,3,112,Grid,69,1.67,99.1,Laurel
305,3,112,Grid,71,2.07,99.1,Laurel
305,3,112,Grid,67,1.7,101.6,Laurel
305,3,112,Grid,69,1.71,101.6,Laurel
305,3,112,Grid,69,1.79,101.6,Laurel
305,3,112,Grid,67,2.06,101.6,Laurel
305,3,112,Grid,69,1.9,104.1,Laurel
305,3,112,Grid,69,1.9,104.1,Laurel
305,3,112,Grid,69,2.55,104.1,Laurel
305,3,112,Grid,69,2.15,106.7,Laurel
305,3,112,Grid,69,2.22,106.7,Laurel
305,3,112,Grid,67,2.08,109.2,Laurel
305,3,112,Grid,67,2.46,109.2,Laurel
305,3,112,Grid,67,1.54,111.8,Laurel
305,3,112,Grid,69,2.54,111.8,Laurel
305,3,112,Grid,69,2.49,114.3,Laurel
305,3,112,Grid,69,2.36,119.4,Laurel
305,3,112,Grid,65,2.49,119.4,Laurel
306,3,168,Grid,61,0.61,30.5,Cody
306,3,168,Grid,61,0.5,31.8,Cody
306,3,168,Grid,69,0.55,33,Cody
306,3,168,Grid,69,0.68,33,Cody
306,3,168,Grid,69,0.39,38.1,Cody
306,3,168,Grid,68,0.54,38.1,Cody
306,3,168,Grid,69,0.96,38.1,Cody
306,3,168,Grid,69,0.32,39.4,Cody
306,3,168,Grid,69,0.75,41.9,Cody
306,3,168,Grid,69,0.55,43.2,Cody
306,3,168,Grid,69,0.96,43.2,Cody
306,3,168,Grid,68,0.71,44.5,Cody
306,3,168,Grid,69,0.86,45.7,Cody
306,3,168,Grid,69,0.41,47,Cody
306,3,168,Grid,68,0.9,47,Cody
306,3,168,Grid,69,0.73,48.3,Cody
306,3,168,Grid,67,0.94,49.5,Cody
306,3,168,Grid,69,0.68,50.8,Cody
306,3,168,Grid,69,0.95,52.1,Cody
306,3,168,Grid,69,0.8,53.3,Cody
306,3,168,Grid,69,0.72,55.9,Cody
306,3,168,Grid,68,1.02,55.9,Cody
306,3,168,Grid,67,1.9,58.4,Cody
306,3,168,Grid,67,1,59.7,Cody
306,3,168,Grid,69,1.48,61,Cody
306,3,168,Grid,69,2.26,64.8,Cody
306,3,168,Grid,69,0.96,66,Cody
306,3,168,Grid,69,0.81,67.3,Cody
306,3,168,Grid,69,1.09,67.3,Cody
306,3,168,Grid,69,0.47,68.6,Cody
306,3,168,Grid,67,1.76,68.6,Cody
306,3,168,Grid,67,1.06,69.9,Cody
306,3,168,Grid,68,1.71,69.9,Cody
306,3,168,Grid,62,1.08,71.1,Cody
306,3,168,Grid,62,1.35,71.1,Cody
306,3,168,Grid,69,0.8,72.4,Cody
306,3,168,Grid,63,0.67,73.7,Cody
306,3,168,Grid,69,1.25,73.7,Cody
306,3,168,Grid,69,2.04,73.7,Cody
306,3,168,Grid,69,1.17,76.2,Cody
306,3,168,Grid,69,1.37,76.2,Cody
306,3,168,Grid,69,1.45,78.7,Cody
306,3,168,Grid,69,1.52,78.7,Cody
306,3,168,Grid,68,1.77,78.7,Cody
306,3,168,Grid,69,1.94,81.3,Cody
306,3,168,Grid,69,0.95,82.6,Cody
306,3,168,Grid,62,1.41,83.8,Cody
306,3,168,Grid,69,1.58,83.8,Cody
306,3,168,Grid,66,2.31,83.8,Cody
306,3,168,Grid,67,0.91,85.1,Cody
306,3,168,Grid,67,1.66,86.4,Cody
306,3,168,Grid,69,1.84,86.4,Cody
306,3,168,Grid,69,2.06,86.4,Cody
306,3,168,Grid,69,2.43,87.6,Cody
306,3,168,Grid,62,1.69,90.2,Cody
306,3,168,Grid,63,1.32,91.4,Cody
306,3,168,Grid,67,1.52,91.4,Cody
306,3,168,Grid,63,1.83,91.4,Cody
306,3,168,Grid,69,1.63,94,Cody
306,3,168,Grid,69,1.65,94,Cody
306,3,168,Grid,69,1.9,96.5,Cody
306,3,168,Grid,68,2.18,96.5,Cody
306,3,168,Grid,68,2.19,96.5,Cody
306,3,168,Grid,61,2.63,99.1,Cody
306,3,168,Grid,68,1.81,101.6,Cody
306,3,168,Grid,67,2.11,101.6,Cody
306,3,168,Grid,69,2.35,101.6,Cody
306,3,168,Grid,68,2.36,105.4,Cody
306,3,168,Grid,61,2.42,105.4,Cody
306,3,168,Grid,62,2.8,105.4,Cody
306,3,168,Grid,62,2.99,105.4,Cody
306,3,168,Grid,67,2.6,108,Cody
306,3,168,Grid,69,2.1,109.2,Cody
306,3,168,Grid,69,2.48,109.2,Cody
306,3,168,Grid,67,2.07,114.3,Cody
306,3,168,Grid,69,2.71,114.3,Cody
306,3,168,Grid,69,3.6,134.6,Cody
307,3,168,Row,59,0.24,27.9,Laurel
307,3,168,Row,59,0.54,35.6,Laurel
307,3,168,Row,69,0.8,35.6,Laurel
307,3,168,Row,61,0.44,40.6,Laurel
307,3,168,Row,59,0.51,40.6,Laurel
307,3,168,Row,65,0.35,45.7,Laurel
307,3,168,Row,64,0.36,45.7,Laurel
307,3,168,Row,61,0.31,50.8,Laurel
307,3,168,Row,61,0.69,53.3,Laurel
307,3,168,Row,59,0.84,55.9,Laurel
307,3,168,Row,69,0.53,58.4,Laurel
307,3,168,Row,61,0.7,58.4,Laurel
307,3,168,Row,61,0.73,58.4,Laurel
307,3,168,Row,65,0.77,58.4,Laurel
307,3,168,Row,59,0.95,58.4,Laurel
307,3,168,Row,61,0.84,61,Laurel
307,3,168,Row,65,0.84,61,Laurel
307,3,168,Row,69,0.61,63.5,Laurel
307,3,168,Row,65,0.78,63.5,Laurel
307,3,168,Row,69,0.97,63.5,Laurel
307,3,168,Row,65,1,63.5,Laurel
307,3,168,Row,63,1.14,63.5,Laurel
307,3,168,Row,61,0.55,66,Laurel
307,3,168,Row,61,0.98,66,Laurel
307,3,168,Row,61,1.04,66,Laurel
307,3,168,Row,61,1.16,66,Laurel
307,3,168,Row,65,1.22,66,Laurel
307,3,168,Row,63,0.62,68.6,Laurel
307,3,168,Row,63,0.62,68.6,Laurel
307,3,168,Row,63,1.02,68.6,Laurel
307,3,168,Row,61,1.37,68.6,Laurel
307,3,168,Row,69,0.69,71.1,Laurel
307,3,168,Row,69,0.75,71.1,Laurel
307,3,168,Row,63,0.82,71.1,Laurel
307,3,168,Row,61,0.94,71.1,Laurel
307,3,168,Row,63,1.1,71.1,Laurel
307,3,168,Row,69,1.18,71.1,Laurel
307,3,168,Row,65,1.92,71.1,Laurel
307,3,168,Row,63,0.54,73.7,Laurel
307,3,168,Row,65,0.58,73.7,Laurel
307,3,168,Row,69,0.81,73.7,Laurel
307,3,168,Row,61,0.86,73.7,Laurel
307,3,168,Row,63,0.86,73.7,Laurel
307,3,168,Row,61,0.94,73.7,Laurel
307,3,168,Row,65,1.04,73.7,Laurel
307,3,168,Row,63,1.09,73.7,Laurel
307,3,168,Row,69,1.16,73.7,Laurel
307,3,168,Row,61,1.18,73.7,Laurel
307,3,168,Row,65,0.8,76.2,Laurel
307,3,168,Row,63,0.91,76.2,Laurel
307,3,168,Row,61,0.99,76.2,Laurel
307,3,168,Row,65,1.02,76.2,Laurel
307,3,168,Row,65,1.2,76.2,Laurel
307,3,168,Row,69,1.02,78.7,Laurel
307,3,168,Row,65,1.11,78.7,Laurel
307,3,168,Row,61,1.19,78.7,Laurel
307,3,168,Row,69,1.34,78.7,Laurel
307,3,168,Row,63,1.44,78.7,Laurel
307,3,168,Row,67,0.87,81.3,Laurel
307,3,168,Row,69,0.94,81.3,Laurel
307,3,168,Row,61,1.08,81.3,Laurel
307,3,168,Row,65,1.11,81.3,Laurel
307,3,168,Row,65,1.16,81.3,Laurel
307,3,168,Row,69,1.2,81.3,Laurel
307,3,168,Row,61,1.39,81.3,Laurel
307,3,168,Row,69,1.52,81.3,Laurel
307,3,168,Row,69,0.89,83.8,Laurel
307,3,168,Row,69,0.93,83.8,Laurel
307,3,168,Row,69,0.93,83.8,Laurel
307,3,168,Row,61,0.97,83.8,Laurel
307,3,168,Row,69,0.99,83.8,Laurel
307,3,168,Row,63,1.08,83.8,Laurel
307,3,168,Row,67,1.2,83.8,Laurel
307,3,168,Row,69,1.24,83.8,Laurel
307,3,168,Row,63,1.26,83.8,Laurel
307,3,168,Row,69,1.33,83.8,Laurel
307,3,168,Row,67,1.36,83.8,Laurel
307,3,168,Row,69,1.56,83.8,Laurel
307,3,168,Row,63,1.7,83.8,Laurel
307,3,168,Row,65,1.82,83.8,Laurel
307,3,168,Row,63,1.17,86.4,Laurel
307,3,168,Row,65,1.26,86.4,Laurel
307,3,168,Row,65,1.3,86.4,Laurel
307,3,168,Row,67,1.38,86.4,Laurel
307,3,168,Row,65,1.44,86.4,Laurel
307,3,168,Row,69,1.44,86.4,Laurel
307,3,168,Row,61,1.63,86.4,Laurel
307,3,168,Row,69,1.65,86.4,Laurel
307,3,168,Row,63,1.69,86.4,Laurel
307,3,168,Row,61,1.73,86.4,Laurel
307,3,168,Row,63,1.75,86.4,Laurel
307,3,168,Row,69,0.73,88.9,Laurel
307,3,168,Row,69,1.01,88.9,Laurel
307,3,168,Row,65,1.12,88.9,Laurel
307,3,168,Row,63,1.19,88.9,Laurel
307,3,168,Row,67,1.28,88.9,Laurel
307,3,168,Row,67,1.36,88.9,Laurel
307,3,168,Row,63,1.37,88.9,Laurel
307,3,168,Row,59,1.51,88.9,Laurel
307,3,168,Row,69,1.57,88.9,Laurel
307,3,168,Row,67,1.61,88.9,Laurel
307,3,168,Row,63,1.65,88.9,Laurel
307,3,168,Row,65,1.17,91.4,Laurel
307,3,168,Row,67,1.23,91.4,Laurel
307,3,168,Row,65,1.25,91.4,Laurel
307,3,168,Row,69,1.37,91.4,Laurel
307,3,168,Row,65,1.39,91.4,Laurel
307,3,168,Row,65,1.4,91.4,Laurel
307,3,168,Row,69,1.54,91.4,Laurel
307,3,168,Row,63,1.58,91.4,Laurel
307,3,168,Row,65,1.68,91.4,Laurel
307,3,168,Row,65,1.2,94,Laurel
307,3,168,Row,67,1.23,94,Laurel
307,3,168,Row,69,1.3,94,Laurel
307,3,168,Row,69,1.33,94,Laurel
307,3,168,Row,69,1.36,94,Laurel
307,3,168,Row,69,1.38,94,Laurel
307,3,168,Row,69,1.43,94,Laurel
307,3,168,Row,69,1.7,94,Laurel
307,3,168,Row,67,1.88,94,Laurel
307,3,168,Row,69,1.44,96.5,Laurel
307,3,168,Row,69,1.6,96.5,Laurel
307,3,168,Row,69,1.66,96.5,Laurel
307,3,168,Row,67,1.84,96.5,Laurel
307,3,168,Row,69,1.24,99.1,Laurel
307,3,168,Row,65,1.36,99.1,Laurel
307,3,168,Row,69,1.4,99.1,Laurel
307,3,168,Row,69,1.51,99.1,Laurel
307,3,168,Row,67,1.59,99.1,Laurel
307,3,168,Row,67,1.65,99.1,Laurel
307,3,168,Row,63,1.7,99.1,Laurel
307,3,168,Row,69,1.72,99.1,Laurel
307,3,168,Row,67,1.73,99.1,Laurel
307,3,168,Row,67,1.73,99.1,Laurel
307,3,168,Row,69,1.77,99.1,Laurel
307,3,168,Row,65,1.42,101.6,Laurel
307,3,168,Row,65,1.53,101.6,Laurel
307,3,168,Row,67,1.55,101.6,Laurel
307,3,168,Row,69,1.56,101.6,Laurel
307,3,168,Row,69,1.81,101.6,Laurel
307,3,168,Row,67,1,104.1,Laurel
307,3,168,Row,69,1.61,104.1,Laurel
307,3,168,Row,69,1.87,104.1,Laurel
307,3,168,Row,69,2.02,104.1,Laurel
307,3,168,Row,67,1.76,106.7,Laurel
307,3,168,Row,69,1.86,106.7,Laurel
307,3,168,Row,67,2.11,106.7,Laurel
307,3,168,Row,69,2.14,106.7,Laurel
307,3,168,Row,69,1.93,109.2,Laurel
307,3,168,Row,63,2.01,109.2,Laurel
307,3,168,Row,69,2.34,109.2,Laurel
307,3,168,Row,67,2.42,109.2,Laurel
307,3,168,Row,69,2.32,111.8,Laurel
307,3,168,Row,67,2.22,116.8,Laurel
307,3,168,Row,65,2.45,116.8,Laurel
308,3,56,Row,25,na,17.8,Laurel
308,3,56,Row,59,0.44,30.5,Laurel
308,3,56,Row,61,0.7,30.5,Laurel
308,3,56,Row,61,0.63,50.8,Laurel
308,3,56,Row,59,0.7,50.8,Laurel
308,3,56,Row,61,0.92,58.4,Laurel
308,3,56,Row,69,1.47,63.5,Laurel
308,3,56,Row,63,0.78,66,Laurel
308,3,56,Row,65,0.81,71.1,Laurel
308,3,56,Row,61,1.34,71.1,Laurel
308,3,56,Row,65,1.18,73.7,Laurel
308,3,56,Row,61,1.63,78.7,Laurel
308,3,56,Row,69,1.09,86.4,Laurel
308,3,56,Row,61,1.12,86.4,Laurel
308,3,56,Row,63,1.49,86.4,Laurel
308,3,56,Row,61,1.6,86.4,Laurel
308,3,56,Row,69,1.3,88.9,Laurel
308,3,56,Row,61,1.85,88.9,Laurel
308,3,56,Row,69,1.66,91.4,Laurel
308,3,56,Row,63,1.48,94,Laurel
308,3,56,Row,61,1.74,94,Laurel
308,3,56,Row,69,1.79,96.5,Laurel
308,3,56,Row,61,2.47,96.5,Laurel
308,3,56,Row,67,1.55,99.1,Laurel
308,3,56,Row,67,2.41,99.1,Laurel
308,3,56,Row,61,2.17,101.6,Laurel
308,3,56,Row,63,2.15,104.1,Laurel
308,3,56,Row,63,2.31,104.1,Laurel
308,3,56,Row,63,1.79,106.7,Laurel
308,3,56,Row,69,2.43,106.7,Laurel
308,3,56,Row,69,2.83,106.7,Laurel
308,3,56,Row,67,1.95,109.2,Laurel
308,3,56,Row,69,2.42,111.8,Laurel
308,3,56,Row,65,2.53,111.8,Laurel
308,3,56,Row,67,2.76,111.8,Laurel
308,3,56,Row,65,2.28,114.3,Laurel
308,3,56,Row,67,2.65,114.3,Laurel
308,3,56,Row,67,2.81,114.3,Laurel
308,3,56,Row,65,2.09,116.8,Laurel
308,3,56,Row,63,2.29,116.8,Laurel
308,3,56,Row,67,2.41,116.8,Laurel
308,3,56,Row,67,2.64,116.8,Laurel
308,3,56,Row,67,3.15,119.4,Laurel
308,3,56,Row,67,2.93,121.9,Laurel
308,3,56,Row,67,2.23,124.5,Laurel
308,3,56,Row,67,2.76,127,Laurel
308,3,56,Row,61,3.05,127,Laurel
308,3,56,Row,69,3.11,127,Laurel
308,3,56,Row,67,3.08,129.5,Laurel
308,3,56,Row,63,3.18,134.6,Laurel
308,3,56,Row,69,4.02,139.7,Laurel
mystery,3,un,un,65,0.26,27.9,Laurel
mystery,3,un,un,69,1.07,68.6,Laurel
mystery,3,un,un,69,1,73.7,Laurel
mystery,3,un,un,69,1.43,78.7,Laurel
mystery,3,un,un,65,1.34,81.3,Laurel
mystery,3,un,un,69,1.11,88.9,Laurel
mystery,3,un,un,69,1.61,88.9,Laurel
mystery,3,un,un,67,1.54,91.4,Laurel
mystery,3,un,un,71,2.29,96.5,Laurel
mystery,3,un,un,69,0.97,99.1,Laurel
mystery,3,un,un,67,1.5,99.1,Laurel
mystery,3,un,un,67,1.77,99.1,Laurel
mystery,3,un,un,69,1.85,99.1,Laurel
mystery,3,un,un,67,1.88,101.6,Laurel
mystery,3,un,un,69,2.019,101.6,Laurel
mystery,3,un,un,69,2.04,101.6,Laurel
mystery,3,un,un,69,1.21,104.1,Laurel
mystery,3,un,un,67,1.52,106.7,Laurel
mystery,3,un,un,69,1.74,109.2,Laurel
mystery,3,un,un,67,1.9,109.2,Laurel
mystery,3,un,un,69,2.03,109.2,Laurel
mystery,3,un,un,67,2.16,109.2,Laurel
mystery,3,un,un,61,2.07,111.8,Laurel
mystery,3,un,un,69,2.39,111.8,Laurel
mystery,3,un,un,69,2.54,111.8,Laurel
mystery,3,un,un,69,1.63,114.3,Laurel
mystery,3,un,un,67,2.47,114.3,Laurel
mystery,3,un,un,69,2.11,116.8,Laurel
mystery,3,un,un,69,2.29,116.8,Laurel
mystery,3,un,un,67,2.72,116.8,Laurel
mystery,3,un,un,69,2.27,121.9,Laurel
mystery,3,un,un,67,2.43,121.9,Laurel
mystery,3,un,un,69,2.76,121.9,Laurel
mystery,3,un,un,69,0.84,124.5,Laurel
mystery,3,un,un,69,3.11,127,Laurel